年份,学校官网,学校,学院官网,学院,代码,proname_url,专业,总分,政治,英语,数学,408专业基础
2023,http://yz.kaoyan365.cn/school/tju/,天津大学,http://yz.kaoyan365.cn/school/tju/yuanxi/1605/,计算机科学与技术College,081203,http://yz.kaoyan365.cn/school/tju/zhuanye/211519.html,计算机应用技术,-,-,-,-,-
2023,http://yz.kaoyan365.cn/school/tju/,天津大学,http://yz.kaoyan365.cn/school/tju/yuanxi/1605/,计算机科学与技术College,081203,http://yz.kaoyan365.cn/school/tju/zhuanye/211518.html,计算机应用技术,-,-,-,-,-
2023,http://yz.kaoyan365.cn/school/tju/,天津大学,http://yz.kaoyan365.cn/school/tju/yuanxi/1605/,计算机科学与技术College,081202,http://yz.kaoyan365.cn/school/tju/zhuanye/211517.html,计算机软件与理论,-,-,-,-,-
2023,http://yz.kaoyan365.cn/school/tju/,天津大学,http://yz.kaoyan365.cn/school/tju/yuanxi/1605/,计算机科学与技术College,081203,http://yz.kaoyan365.cn/school/tju/zhuanye/211520.html,计算机应用技术,-,-,-,-,-
2023,http://yz.kaoyan365.cn/school/gdut/,广东科技大学,http://yz.kaoyan365.cn/school/gdut/yuanxi/10942/,计算机College,081200,http://yz.kaoyan365.cn/school/gdut/zhuanye/210878.html,计算机科学与技术,340,37,37,56,56
2023,http://yz.kaoyan365.cn/school/gdut/,广东科技大学,http://yz.kaoyan365.cn/school/gdut/yuanxi/10942/,计算机College,081200,http://yz.kaoyan365.cn/school/gdut/zhuanye/210881.html,计算机科学与技术,340,37,37,56,56
2023,http://yz.kaoyan365.cn/school/gdut/,广东科技大学,http://yz.kaoyan365.cn/school/gdut/yuanxi/10942/,计算机College,081200,http://yz.kaoyan365.cn/school/gdut/zhuanye/210877.html,计算机科学与技术,340,37,37,56,56
2023,http://yz.kaoyan365.cn/school/gdut/,广东科技大学,http://yz.kaoyan365.cn/school/gdut/yuanxi/10942/,计算机College,081200,http://yz.kaoyan365.cn/school/gdut/zhuanye/210880.html,计算机科学与技术,340,37,37,56,56
2023,http://yz.kaoyan365.cn/school/gdut/,广东科技大学,http://yz.kaoyan365.cn/school/gdut/yuanxi/10942/,计算机College,081200,http://yz.kaoyan365.cn/school/gdut/zhuanye/210879.html,计算机科学与技术,340,37,37,56,56
2023,http://yz.kaoyan365.cn/school/tju/,天津大学,http://yz.kaoyan365.cn/school/tju/yuanxi/1605/,计算机科学与技术College,081203,http://yz.kaoyan365.cn/school/tju/zhuanye/210302.html,计算机应用技术,-,-,-,-,-
2023,http://yz.kaoyan365.cn/school/tju/,天津大学,http://yz.kaoyan365.cn/school/tju/yuanxi/1605/,计算机科学与技术College,081203,http://yz.kaoyan365.cn/school/tju/zhuanye/210303.html,计算机应用技术,-,-,-,-,-
2023,http://yz.kaoyan365.cn/school/tju/,天津大学,http://yz.kaoyan365.cn/school/tju/yuanxi/1605/,计算机科学与技术College,081202,http://yz.kaoyan365.cn/school/tju/zhuanye/210301.html,计算机软件与理论,-,-,-,-,-
2023,http://yz.kaoyan365.cn/school/tju/,天津大学,http://yz.kaoyan365.cn/school/tju/yuanxi/1605/,计算机科学与技术College,081202,http://yz.kaoyan365.cn/school/tju/zhuanye/210300.html,计算机软件与理论,-,-,-,-,-
2023,http://yz.kaoyan365.cn/school/tju/,天津大学,http://yz.kaoyan365.cn/school/tju/yuanxi/1605/,计算机科学与技术College,081203,http://yz.kaoyan365.cn/school/tju/zhuanye/210304.html,计算机应用技术,-,-,-,-,-
2023,http://yz.kaoyan365.cn/school/xiyou/,西安邮电大学,http://yz.kaoyan365.cn/school/xiyou/yuanxi/8840/,计算机College,081200,http://yz.kaoyan365.cn/school/xiyou/zhuanye/210255.html,计算机科学与技术,305,37,37,56,56
2023,http://yz.kaoyan365.cn/school/cqut/,重庆理工大学,http://yz.kaoyan365.cn/school/cqut/yuanxi/6905/,计算机科学与工程College,081200,http://yz.kaoyan365.cn/school/cqut/zhuanye/210161.html,计算机科学与技术,264,37,37,56,56
2023,http://yz.kaoyan365.cn/school/cqut/,重庆理工大学,http://yz.kaoyan365.cn/school/cqut/yuanxi/6905/,计算机科学与工程College,081200,http://yz.kaoyan365.cn/school/cqut/zhuanye/210162.html,计算机科学与技术,264,37,37,56,56
2023,http://yz.kaoyan365.cn/school/cqut/,重庆理工大学,http://yz.kaoyan365.cn/school/cqut/yuanxi/6905/,计算机科学与工程College,081200,http://yz.kaoyan365.cn/school/cqut/zhuanye/210163.html,计算机科学与技术,264,37,37,56,56
2023,http://yz.kaoyan365.cn/school/cqut/,重庆理工大学,http://yz.kaoyan365.cn/school/cqut/yuanxi/6905/,计算机科学与工程College,081200,http://yz.kaoyan365.cn/school/cqut/zhuanye/210159.html,计算机科学与技术,264,37,37,56,56
2023,http://yz.kaoyan365.cn/school/cqut/,重庆理工大学,http://yz.kaoyan365.cn/school/cqut/yuanxi/6905/,计算机科学与工程College,081200,http://yz.kaoyan365.cn/school/cqut/zhuanye/210160.html,计算机科学与技术,264,37,37,56,56
2023,http://yz.kaoyan365.cn/school/nbu/,宁波大学,http://yz.kaoyan365.cn/school/nbu/yuanxi/5896/,信息科学与工程College,081200,http://yz.kaoyan365.cn/school/nbu/zhuanye/209956.html,计算机科学与技术,264,37,37,56,56
2023,http://yz.kaoyan365.cn/school/bjut/,北京科技大学,http://yz.kaoyan365.cn/school/bjut/yuanxi/155/,计算机College,077500,http://yz.kaoyan365.cn/school/bjut/zhuanye/209789.html,计算机科学与技术,-,-,-,-,-
2023,http://yz.kaoyan365.cn/school/bjut/,北京科技大学,http://yz.kaoyan365.cn/school/bjut/yuanxi/155/,计算机College,077500,http://yz.kaoyan365.cn/school/bjut/zhuanye/209788.html,计算机科学与技术,-,-,-,-,-
2023,http://yz.kaoyan365.cn/school/bjut/,北京科技大学,http://yz.kaoyan365.cn/school/bjut/yuanxi/155/,计算机College,077500,http://yz.kaoyan365.cn/school/bjut/zhuanye/209787.html,计算机科学与技术,-,-,-,-,-
2023,http://yz.kaoyan365.cn/school/cugb/,中国地质大学（北京）,http://yz.kaoyan365.cn/school/cugb/yuanxi/818/,信息工程College,081200,http://yz.kaoyan365.cn/school/cugb/zhuanye/209458.html,计算机科学与技术,280,37,37,56,56
2023,http://yz.kaoyan365.cn/school/cugb/,中国地质大学（北京）,http://yz.kaoyan365.cn/school/cugb/yuanxi/818/,信息工程College,081200,http://yz.kaoyan365.cn/school/cugb/zhuanye/209460.html,计算机科学与技术,280,37,37,56,56
2023,http://yz.kaoyan365.cn/school/cugb/,中国地质大学（北京）,http://yz.kaoyan365.cn/school/cugb/yuanxi/818/,信息工程College,081200,http://yz.kaoyan365.cn/school/cugb/zhuanye/209459.html,计算机科学与技术,280,37,37,56,56
2023,http://yz.kaoyan365.cn/school/fudan/,复旦大学,http://yz.kaoyan365.cn/school/fudan/yuanxi/1958/,信息科学与工程College,081200,http://yz.kaoyan365.cn/school/fudan/zhuanye/209306.html,计算机科学与技术,-,-,-,-,-
2023,http://yz.kaoyan365.cn/school/fudan/,复旦大学,http://yz.kaoyan365.cn/school/fudan/yuanxi/1958/,信息科学与工程College,081200,http://yz.kaoyan365.cn/school/fudan/zhuanye/209309.html,计算机科学与技术,-,-,-,-,-
2023,http://yz.kaoyan365.cn/school/fudan/,复旦大学,http://yz.kaoyan365.cn/school/fudan/yuanxi/1958/,信息科学与工程College,081200,http://yz.kaoyan365.cn/school/fudan/zhuanye/209310.html,计算机科学与技术,-,-,-,-,-
2023,http://yz.kaoyan365.cn/school/fudan/,复旦大学,http://yz.kaoyan365.cn/school/fudan/yuanxi/1958/,信息科学与工程College,081200,http://yz.kaoyan365.cn/school/fudan/zhuanye/209308.html,计算机科学与技术,-,-,-,-,-
2023,http://yz.kaoyan365.cn/school/fudan/,复旦大学,http://yz.kaoyan365.cn/school/fudan/yuanxi/1958/,信息科学与工程College,081200,http://yz.kaoyan365.cn/school/fudan/zhuanye/209305.html,计算机科学与技术,-,-,-,-,-
2023,http://yz.kaoyan365.cn/school/fudan/,复旦大学,http://yz.kaoyan365.cn/school/fudan/yuanxi/1958/,信息科学与工程College,081200,http://yz.kaoyan365.cn/school/fudan/zhuanye/209307.html,计算机科学与技术,-,-,-,-,-
2023,http://yz.kaoyan365.cn/school/fudan/,复旦大学,http://yz.kaoyan365.cn/school/fudan/yuanxi/1958/,信息科学与工程College,081200,http://yz.kaoyan365.cn/school/fudan/zhuanye/209304.html,计算机科学与技术,-,-,-,-,-
2023,http://yz.kaoyan365.cn/school/cumtb/,中国矿业大学（北京）,http://yz.kaoyan365.cn/school/cumtb/yuanxi/788/,机电与信息工程College,081200,http://yz.kaoyan365.cn/school/cumtb/zhuanye/209197.html,计算机科学与技术,-,-,-,-,-
2023,http://yz.kaoyan365.cn/school/ncut/,北方工业大学,http://yz.kaoyan365.cn/school/ncut/yuanxi/227/,信息工程College,081200,http://yz.kaoyan365.cn/school/ncut/zhuanye/208777.html,计算机科学与技术,-,-,-,-,-
2023,http://yz.kaoyan365.cn/school/ncut/,北方工业大学,http://yz.kaoyan365.cn/school/ncut/yuanxi/227/,信息工程College,081200,http://yz.kaoyan365.cn/school/ncut/zhuanye/208778.html,计算机科学与技术,-,-,-,-,-
2023,http://yz.kaoyan365.cn/school/dlu/,北方工业大学,http://yz.kaoyan365.cn/school/dlu/yuanxi/4691/,信息工程College,081200,http://yz.kaoyan365.cn/school/dlu/zhuanye/208642.html,计算机科学与技术,264,37,37,56,56
2023,http://yz.kaoyan365.cn/school/dlu/,北方工业大学,http://yz.kaoyan365.cn/school/dlu/yuanxi/4691/,信息工程College,081200,http://yz.kaoyan365.cn/school/dlu/zhuanye/208643.html,计算机科学与技术,264,37,37,56,56
2023,http://yz.kaoyan365.cn/school/dlu/,北方工业大学,http://yz.kaoyan365.cn/school/dlu/yuanxi/4691/,信息工程College,081200,http://yz.kaoyan365.cn/school/dlu/zhuanye/208640.html,计算机科学与技术,264,37,37,56,56
2023,http://yz.kaoyan365.cn/school/dlu/,北方工业大学,http://yz.kaoyan365.cn/school/dlu/yuanxi/4691/,信息工程College,081200,http://yz.kaoyan365.cn/school/dlu/zhuanye/208641.html,计算机科学与技术,264,37,37,56,56
2023,http://yz.kaoyan365.cn/school/dlu/,北方工业大学,http://yz.kaoyan365.cn/school/dlu/yuanxi/4692/,教育部先进设计与智能计算重点实验室,081200,http://yz.kaoyan365.cn/school/dlu/zhuanye/208592.html,计算机科学与技术,264,37,37,56,56
2023,http://yz.kaoyan365.cn/school/dlu/,北方工业大学,http://yz.kaoyan365.cn/school/dlu/yuanxi/4692/,教育部先进设计与智能计算重点实验室,081200,http://yz.kaoyan365.cn/school/dlu/zhuanye/208594.html,计算机科学与技术,264,37,37,56,56
2023,http://yz.kaoyan365.cn/school/dlu/,北方工业大学,http://yz.kaoyan365.cn/school/dlu/yuanxi/4692/,教育部先进设计与智能计算重点实验室,081200,http://yz.kaoyan365.cn/school/dlu/zhuanye/208593.html,计算机科学与技术,264,37,37,56,56
2023,http://yz.kaoyan365.cn/school/dlu/,北方工业大学,http://yz.kaoyan365.cn/school/dlu/yuanxi/4692/,教育部先进设计与智能计算重点实验室,081200,http://yz.kaoyan365.cn/school/dlu/zhuanye/208591.html,计算机科学与技术,264,37,37,56,56
2023,http://yz.kaoyan365.cn/school/bistu/,北京信息科技大学,http://yz.kaoyan365.cn/school/bistu/yuanxi/779/,计算机College,081200,http://yz.kaoyan365.cn/school/bistu/zhuanye/208553.html,计算机科学与技术,264,37,37,56,56
2023,http://yz.kaoyan365.cn/school/bistu/,北京信息科技大学,http://yz.kaoyan365.cn/school/bistu/yuanxi/779/,计算机College,081200,http://yz.kaoyan365.cn/school/bistu/zhuanye/208552.html,计算机科学与技术,264,37,37,56,56
2023,http://yz.kaoyan365.cn/school/bistu/,北京信息科技大学,http://yz.kaoyan365.cn/school/bistu/yuanxi/779/,计算机College,081200,http://yz.kaoyan365.cn/school/bistu/zhuanye/208554.html,计算机科学与技术,264,37,37,56,56
2023,http://yz.kaoyan365.cn/school/bistu/,北京信息科技大学,http://yz.kaoyan365.cn/school/bistu/yuanxi/779/,计算机College,081200,http://yz.kaoyan365.cn/school/bistu/zhuanye/208551.html,计算机科学与技术,264,37,37,56,56
2023,http://yz.kaoyan365.cn/school/yzu/,扬州大学,http://yz.kaoyan365.cn/school/yzu/yuanxi/4533/,信息工程College,081200,http://yz.kaoyan365.cn/school/yzu/zhuanye/208360.html,计算机科学与技术,264,37,37,56,56
2023,http://yz.kaoyan365.cn/school/yzu/,扬州大学,http://yz.kaoyan365.cn/school/yzu/yuanxi/4533/,信息工程College,081200,http://yz.kaoyan365.cn/school/yzu/zhuanye/208361.html,计算机科学与技术,264,37,37,56,56
2023,http://yz.kaoyan365.cn/school/yzu/,扬州大学,http://yz.kaoyan365.cn/school/yzu/yuanxi/4533/,信息工程College,081200,http://yz.kaoyan365.cn/school/yzu/zhuanye/208362.html,计算机科学与技术,264,37,37,56,56
2023,http://yz.kaoyan365.cn/school/hhu/,河海大学,http://yz.kaoyan365.cn/school/hhu/yuanxi/3647/,计算机与信息College,081200,http://yz.kaoyan365.cn/school/hhu/zhuanye/207710.html,计算机科学与技术,315,37,37,56,56
2023,http://yz.kaoyan365.cn/school/hhu/,河海大学,http://yz.kaoyan365.cn/school/hhu/yuanxi/3647/,计算机与信息College,081200,http://yz.kaoyan365.cn/school/hhu/zhuanye/207711.html,计算机科学与技术,315,37,37,56,56
2023,http://yz.kaoyan365.cn/school/gucas/,中国科College大学,http://yz.kaoyan365.cn/school/gucas/yuanxi/903/,计算机与控制工程College,081200,http://yz.kaoyan365.cn/school/gucas/zhuanye/207558.html,计算机科学与技术,-,-,-,-,-
2023,http://yz.kaoyan365.cn/school/gucas/,中国科College大学,http://yz.kaoyan365.cn/school/gucas/yuanxi/903/,计算机与控制工程College,081200,http://yz.kaoyan365.cn/school/gucas/zhuanye/207557.html,计算机科学与技术,-,-,-,-,-
2023,http://yz.kaoyan365.cn/school/fudan/,复旦大学,http://yz.kaoyan365.cn/school/fudan/yuanxi/1970/,计算机科学技术College,081200,http://yz.kaoyan365.cn/school/fudan/zhuanye/207308.html,计算机科学与技术,-,-,-,-,-
2023,http://yz.kaoyan365.cn/school/fudan/,复旦大学,http://yz.kaoyan365.cn/school/fudan/yuanxi/1970/,计算机科学技术College,081200,http://yz.kaoyan365.cn/school/fudan/zhuanye/207307.html,计算机科学与技术,-,-,-,-,-
2023,http://yz.kaoyan365.cn/school/fudan/,复旦大学,http://yz.kaoyan365.cn/school/fudan/yuanxi/1970/,计算机科学技术College,081200,http://yz.kaoyan365.cn/school/fudan/zhuanye/207306.html,计算机科学与技术,-,-,-,-,-
2023,http://yz.kaoyan365.cn/school/btbu/,北京工商大学,http://yz.kaoyan365.cn/school/btbu/yuanxi/245/,计算机与信息工程College,081200,http://yz.kaoyan365.cn/school/btbu/zhuanye/206741.html,计算机科学与技术,264,37,37,56,56
2023,http://yz.kaoyan365.cn/school/btbu/,北京工商大学,http://yz.kaoyan365.cn/school/btbu/yuanxi/245/,计算机与信息工程College,081200,http://yz.kaoyan365.cn/school/btbu/zhuanye/206743.html,计算机科学与技术,264,37,37,56,56
2023,http://yz.kaoyan365.cn/school/btbu/,北京工商大学,http://yz.kaoyan365.cn/school/btbu/yuanxi/245/,计算机与信息工程College,081200,http://yz.kaoyan365.cn/school/btbu/zhuanye/206740.html,计算机科学与技术,264,37,37,56,56
2023,http://yz.kaoyan365.cn/school/btbu/,北京工商大学,http://yz.kaoyan365.cn/school/btbu/yuanxi/245/,计算机与信息工程College,081200,http://yz.kaoyan365.cn/school/btbu/zhuanye/206742.html,计算机科学与技术,264,37,37,56,56
2023,http://yz.kaoyan365.cn/school/nwnu/,西北师范大学,http://yz.kaoyan365.cn/school/nwnu/yuanxi/8955/,计算机科学与工程College,077500,http://yz.kaoyan365.cn/school/nwnu/zhuanye/206339.html,计算机科学与技术,308,37,37,56,56
2023,http://yz.kaoyan365.cn/school/nwnu/,西北师范大学,http://yz.kaoyan365.cn/school/nwnu/yuanxi/8955/,计算机科学与工程College,077500,http://yz.kaoyan365.cn/school/nwnu/zhuanye/206337.html,计算机科学与技术,308,37,37,56,56
2023,http://yz.kaoyan365.cn/school/nwnu/,西北师范大学,http://yz.kaoyan365.cn/school/nwnu/yuanxi/8955/,计算机科学与工程College,077500,http://yz.kaoyan365.cn/school/nwnu/zhuanye/206338.html,计算机科学与技术,308,37,37,56,56
2023,http://yz.kaoyan365.cn/school/ynu/,云南大学,http://yz.kaoyan365.cn/school/ynu/yuanxi/9711/,信息College,0810Z1,http://yz.kaoyan365.cn/school/ynu/zhuanye/204828.html,物联网工程,264,37,37,56,56
2023,http://yz.kaoyan365.cn/school/ynu/,云南大学,http://yz.kaoyan365.cn/school/ynu/yuanxi/9711/,信息College,0810Z1,http://yz.kaoyan365.cn/school/ynu/zhuanye/204827.html,物联网工程,264,37,37,56,56
2023,http://yz.kaoyan365.cn/school/ynu/,云南大学,http://yz.kaoyan365.cn/school/ynu/yuanxi/9711/,信息College,0810Z1,http://yz.kaoyan365.cn/school/ynu/zhuanye/204826.html,物联网工程,264,37,37,56,56
2023,http://yz.kaoyan365.cn/school/seu/,云南大学,http://yz.kaoyan365.cn/school/seu/yuanxi/11851/,网络空间安全College,077500,http://yz.kaoyan365.cn/school/seu/zhuanye/202655.html,计算机科学与技术,-,-,-,-,-
2023,http://yz.kaoyan365.cn/school/seu/,云南大学,http://yz.kaoyan365.cn/school/seu/yuanxi/11851/,网络空间安全College,077500,http://yz.kaoyan365.cn/school/seu/zhuanye/202654.html,计算机科学与技术,-,-,-,-,-
2023,http://yz.kaoyan365.cn/school/seu/,云南大学,http://yz.kaoyan365.cn/school/seu/yuanxi/11851/,网络空间安全College,077500,http://yz.kaoyan365.cn/school/seu/zhuanye/202651.html,计算机科学与技术,-,-,-,-,-
2023,http://yz.kaoyan365.cn/school/swust/,西南科技大学,http://yz.kaoyan365.cn/school/swust/yuanxi/5691/,计算机科学与技术College,083500,http://yz.kaoyan365.cn/school/swust/zhuanye/202517.html,Software Engineering,264,37,37,56,56
2023,http://yz.kaoyan365.cn/school/swust/,西南科技大学,http://yz.kaoyan365.cn/school/swust/yuanxi/5691/,计算机科学与技术College,083500,http://yz.kaoyan365.cn/school/swust/zhuanye/202516.html,Software Engineering,264,37,37,56,56
2023,http://yz.kaoyan365.cn/school/swust/,西南科技大学,http://yz.kaoyan365.cn/school/swust/yuanxi/5691/,计算机科学与技术College,081200,http://yz.kaoyan365.cn/school/swust/zhuanye/202513.html,计算机科学与技术,264,37,37,56,56
2023,http://yz.kaoyan365.cn/school/swust/,西南科技大学,http://yz.kaoyan365.cn/school/swust/yuanxi/5691/,计算机科学与技术College,081200,http://yz.kaoyan365.cn/school/swust/zhuanye/202514.html,计算机科学与技术,264,37,37,56,56
2023,http://yz.kaoyan365.cn/school/swust/,西南科技大学,http://yz.kaoyan365.cn/school/swust/yuanxi/5691/,计算机科学与技术College,083500,http://yz.kaoyan365.cn/school/swust/zhuanye/202515.html,Software Engineering,264,37,37,56,56
2023,http://yz.kaoyan365.cn/school/swust/,西南科技大学,http://yz.kaoyan365.cn/school/swust/yuanxi/5691/,计算机科学与技术College,081200,http://yz.kaoyan365.cn/school/swust/zhuanye/202512.html,计算机科学与技术,264,37,37,56,56
2023,http://yz.kaoyan365.cn/school/cqjtu/,重庆交通大学,http://yz.kaoyan365.cn/school/cqjtu/yuanxi/7568/,信息科学与工程College,081200,http://yz.kaoyan365.cn/school/cqjtu/zhuanye/202388.html,计算机科学与技术,264,37,37,56,56
2023,http://yz.kaoyan365.cn/school/cqjtu/,重庆交通大学,http://yz.kaoyan365.cn/school/cqjtu/yuanxi/7568/,信息科学与工程College,081200,http://yz.kaoyan365.cn/school/cqjtu/zhuanye/202387.html,计算机科学与技术,264,37,37,56,56
2023,http://yz.kaoyan365.cn/school/cqjtu/,重庆交通大学,http://yz.kaoyan365.cn/school/cqjtu/yuanxi/7568/,信息科学与工程College,081200,http://yz.kaoyan365.cn/school/cqjtu/zhuanye/202389.html,计算机科学与技术,264,37,37,56,56
2023,http://yz.kaoyan365.cn/school/cqjtu/,重庆交通大学,http://yz.kaoyan365.cn/school/cqjtu/yuanxi/7568/,信息科学与工程College,081200,http://yz.kaoyan365.cn/school/cqjtu/zhuanye/202386.html,计算机科学与技术,264,37,37,56,56
2023,http://yz.kaoyan365.cn/school/uestc/,电子科技大学,http://yz.kaoyan365.cn/school/uestc/yuanxi/5855/,电子科学技术研究院,081200,http://yz.kaoyan365.cn/school/uestc/zhuanye/202244.html,计算机科学与技术,264,37,37,56,56
2023,http://yz.kaoyan365.cn/school/uestc/,电子科技大学,http://yz.kaoyan365.cn/school/uestc/yuanxi/5855/,电子科学技术研究院,081200,http://yz.kaoyan365.cn/school/uestc/zhuanye/202249.html,计算机科学与技术,264,37,37,56,56
2023,http://yz.kaoyan365.cn/school/uestc/,电子科技大学,http://yz.kaoyan365.cn/school/uestc/yuanxi/5855/,电子科学技术研究院,081200,http://yz.kaoyan365.cn/school/uestc/zhuanye/202245.html,计算机科学与技术,264,37,37,56,56
2023,http://yz.kaoyan365.cn/school/uestc/,电子科技大学,http://yz.kaoyan365.cn/school/uestc/yuanxi/5855/,电子科学技术研究院,081200,http://yz.kaoyan365.cn/school/uestc/zhuanye/202248.html,计算机科学与技术,264,37,37,56,56
2023,http://yz.kaoyan365.cn/school/uestc/,电子科技大学,http://yz.kaoyan365.cn/school/uestc/yuanxi/5855/,电子科学技术研究院,081200,http://yz.kaoyan365.cn/school/uestc/zhuanye/202247.html,计算机科学与技术,264,37,37,56,56
2023,http://yz.kaoyan365.cn/school/uestc/,电子科技大学,http://yz.kaoyan365.cn/school/uestc/yuanxi/5855/,电子科学技术研究院,081200,http://yz.kaoyan365.cn/school/uestc/zhuanye/202243.html,计算机科学与技术,264,37,37,56,56
2023,http://yz.kaoyan365.cn/school/uestc/,电子科技大学,http://yz.kaoyan365.cn/school/uestc/yuanxi/5855/,电子科学技术研究院,081200,http://yz.kaoyan365.cn/school/uestc/zhuanye/202246.html,计算机科学与技术,264,37,37,56,56
2023,http://yz.kaoyan365.cn/school/uestc/,电子科技大学,http://yz.kaoyan365.cn/school/uestc/yuanxi/11764/,基础与前沿研究院,081200,http://yz.kaoyan365.cn/school/uestc/zhuanye/202211.html,计算机科学与技术,264,37,37,56,56
2023,http://yz.kaoyan365.cn/school/uestc/,电子科技大学,http://yz.kaoyan365.cn/school/uestc/yuanxi/11764/,基础与前沿研究院,081200,http://yz.kaoyan365.cn/school/uestc/zhuanye/202207.html,计算机科学与技术,264,37,37,56,56
2023,http://yz.kaoyan365.cn/school/uestc/,电子科技大学,http://yz.kaoyan365.cn/school/uestc/yuanxi/11764/,基础与前沿研究院,081200,http://yz.kaoyan365.cn/school/uestc/zhuanye/202210.html,计算机科学与技术,264,37,37,56,56
2023,http://yz.kaoyan365.cn/school/uestc/,电子科技大学,http://yz.kaoyan365.cn/school/uestc/yuanxi/11764/,基础与前沿研究院,081200,http://yz.kaoyan365.cn/school/uestc/zhuanye/202209.html,计算机科学与技术,264,37,37,56,56
2023,http://yz.kaoyan365.cn/school/uestc/,电子科技大学,http://yz.kaoyan365.cn/school/uestc/yuanxi/11764/,基础与前沿研究院,081200,http://yz.kaoyan365.cn/school/uestc/zhuanye/202208.html,计算机科学与技术,264,37,37,56,56
2023,http://yz.kaoyan365.cn/school/uestc/,电子科技大学,http://yz.kaoyan365.cn/school/uestc/yuanxi/11764/,基础与前沿研究院,081200,http://yz.kaoyan365.cn/school/uestc/zhuanye/202205.html,计算机科学与技术,264,37,37,56,56
2023,http://yz.kaoyan365.cn/school/uestc/,电子科技大学,http://yz.kaoyan365.cn/school/uestc/yuanxi/11764/,基础与前沿研究院,081200,http://yz.kaoyan365.cn/school/uestc/zhuanye/202206.html,计算机科学与技术,264,37,37,56,56
2023,http://yz.kaoyan365.cn/school/uestc/,电子科技大学,http://yz.kaoyan365.cn/school/uestc/yuanxi/5851/,数学科学College,081200,http://yz.kaoyan365.cn/school/uestc/zhuanye/202031.html,计算机科学与技术,264,37,37,56,56
2023,http://yz.kaoyan365.cn/school/uestc/,电子科技大学,http://yz.kaoyan365.cn/school/uestc/yuanxi/5851/,数学科学College,081200,http://yz.kaoyan365.cn/school/uestc/zhuanye/202029.html,计算机科学与技术,264,37,37,56,56
2024,http://yz.kaoyan365.cn/school/uestc/,电子科技大学,http://yz.kaoyan365.cn/school/uestc/yuanxi/5851/,数学科学College,081200,http://yz.kaoyan365.cn/school/uestc/zhuanye/202030.html,计算机科学与技术,264,37,37,56,56
2024,http://yz.kaoyan365.cn/school/uestc/,电子科技大学,http://yz.kaoyan365.cn/school/uestc/yuanxi/5851/,数学科学College,081200,http://yz.kaoyan365.cn/school/uestc/zhuanye/202032.html,计算机科学与技术,264,37,37,56,56
2024,http://yz.kaoyan365.cn/school/uestc/,电子科技大学,http://yz.kaoyan365.cn/school/uestc/yuanxi/5851/,数学科学College,081200,http://yz.kaoyan365.cn/school/uestc/zhuanye/202033.html,计算机科学与技术,264,37,37,56,56
2024,http://yz.kaoyan365.cn/school/uestc/,电子科技大学,http://yz.kaoyan365.cn/school/uestc/yuanxi/5851/,数学科学College,081200,http://yz.kaoyan365.cn/school/uestc/zhuanye/202028.html,计算机科学与技术,264,37,37,56,56
2024,http://yz.kaoyan365.cn/school/uestc/,电子科技大学,http://yz.kaoyan365.cn/school/uestc/yuanxi/5851/,数学科学College,081200,http://yz.kaoyan365.cn/school/uestc/zhuanye/202034.html,计算机科学与技术,264,37,37,56,56
2024,http://yz.kaoyan365.cn/school/uestc/,电子科技大学,http://yz.kaoyan365.cn/school/uestc/yuanxi/5854/,计算机科学与工程College,081200,http://yz.kaoyan365.cn/school/uestc/zhuanye/201691.html,计算机科学与技术,264,37,37,56,56
2024,http://yz.kaoyan365.cn/school/uestc/,电子科技大学,http://yz.kaoyan365.cn/school/uestc/yuanxi/5854/,计算机科学与工程College,081200,http://yz.kaoyan365.cn/school/uestc/zhuanye/201689.html,计算机科学与技术,264,37,37,56,56
2024,http://yz.kaoyan365.cn/school/uestc/,电子科技大学,http://yz.kaoyan365.cn/school/uestc/yuanxi/5854/,计算机科学与工程College,081200,http://yz.kaoyan365.cn/school/uestc/zhuanye/201690.html,计算机科学与技术,264,37,37,56,56
2024,http://yz.kaoyan365.cn/school/uestc/,电子科技大学,http://yz.kaoyan365.cn/school/uestc/yuanxi/5854/,计算机科学与工程College,081200,http://yz.kaoyan365.cn/school/uestc/zhuanye/201685.html,计算机科学与技术,264,37,37,56,56
2024,http://yz.kaoyan365.cn/school/uestc/,电子科技大学,http://yz.kaoyan365.cn/school/uestc/yuanxi/5854/,计算机科学与工程College,081200,http://yz.kaoyan365.cn/school/uestc/zhuanye/201687.html,计算机科学与技术,264,37,37,56,56
2024,http://yz.kaoyan365.cn/school/uestc/,电子科技大学,http://yz.kaoyan365.cn/school/uestc/yuanxi/5854/,计算机科学与工程College,081200,http://yz.kaoyan365.cn/school/uestc/zhuanye/201686.html,计算机科学与技术,264,37,37,56,56
2024,http://yz.kaoyan365.cn/school/uestc/,电子科技大学,http://yz.kaoyan365.cn/school/uestc/yuanxi/5854/,计算机科学与工程College,081200,http://yz.kaoyan365.cn/school/uestc/zhuanye/201688.html,计算机科学与技术,264,37,37,56,56
2024,http://yz.kaoyan365.cn/school/swjtu/,西南交通大学,http://yz.kaoyan365.cn/school/swjtu/yuanxi/5932/,信息科学与技术College,0810Z1,http://yz.kaoyan365.cn/school/swjtu/zhuanye/201403.html,信息安全,264,37,37,56,56
2024,http://yz.kaoyan365.cn/school/swjtu/,西南交通大学,http://yz.kaoyan365.cn/school/swjtu/yuanxi/5932/,信息科学与技术College,0810Z1,http://yz.kaoyan365.cn/school/swjtu/zhuanye/201406.html,信息安全,264,37,37,56,56
2024,http://yz.kaoyan365.cn/school/swjtu/,西南交通大学,http://yz.kaoyan365.cn/school/swjtu/yuanxi/5932/,信息科学与技术College,0810Z1,http://yz.kaoyan365.cn/school/swjtu/zhuanye/201405.html,信息安全,264,37,37,56,56
2024,http://yz.kaoyan365.cn/school/swjtu/,西南交通大学,http://yz.kaoyan365.cn/school/swjtu/yuanxi/5932/,信息科学与技术College,0810Z1,http://yz.kaoyan365.cn/school/swjtu/zhuanye/201402.html,信息安全,264,37,37,56,56
2024,http://yz.kaoyan365.cn/school/swjtu/,西南交通大学,http://yz.kaoyan365.cn/school/swjtu/yuanxi/5932/,信息科学与技术College,0810Z1,http://yz.kaoyan365.cn/school/swjtu/zhuanye/201407.html,信息安全,264,37,37,56,56
2024,http://yz.kaoyan365.cn/school/swjtu/,西南交通大学,http://yz.kaoyan365.cn/school/swjtu/yuanxi/5932/,信息科学与技术College,0810Z1,http://yz.kaoyan365.cn/school/swjtu/zhuanye/201404.html,信息安全,264,37,37,56,56
2024,http://yz.kaoyan365.cn/school/cqu/,重庆大学,http://yz.kaoyan365.cn/school/cqu/yuanxi/7605/,计算机College,081200,http://yz.kaoyan365.cn/school/cqu/zhuanye/201086.html,计算机科学与技术,320,50,50,75,75
2024,http://yz.kaoyan365.cn/school/cqu/,重庆大学,http://yz.kaoyan365.cn/school/cqu/yuanxi/7605/,计算机College,081200,http://yz.kaoyan365.cn/school/cqu/zhuanye/201084.html,计算机科学与技术,320,50,50,75,75
2024,http://yz.kaoyan365.cn/school/cqu/,重庆大学,http://yz.kaoyan365.cn/school/cqu/yuanxi/7605/,计算机College,081200,http://yz.kaoyan365.cn/school/cqu/zhuanye/201082.html,计算机科学与技术,320,50,50,75,75
2024,http://yz.kaoyan365.cn/school/cqu/,重庆大学,http://yz.kaoyan365.cn/school/cqu/yuanxi/7605/,计算机College,081200,http://yz.kaoyan365.cn/school/cqu/zhuanye/201087.html,计算机科学与技术,320,50,50,75,75
2024,http://yz.kaoyan365.cn/school/cqu/,重庆大学,http://yz.kaoyan365.cn/school/cqu/yuanxi/7605/,计算机College,081200,http://yz.kaoyan365.cn/school/cqu/zhuanye/201085.html,计算机科学与技术,320,50,50,75,75
2024,http://yz.kaoyan365.cn/school/cqu/,重庆大学,http://yz.kaoyan365.cn/school/cqu/yuanxi/7605/,计算机College,081200,http://yz.kaoyan365.cn/school/cqu/zhuanye/201083.html,计算机科学与技术,320,50,50,75,75
2024,http://yz.kaoyan365.cn/school/cqu/,重庆大学,http://yz.kaoyan365.cn/school/cqu/yuanxi/7605/,计算机College,081200,http://yz.kaoyan365.cn/school/cqu/zhuanye/201073.html,计算机科学与技术,320,50,50,75,75
2024,http://yz.kaoyan365.cn/school/cqu/,重庆大学,http://yz.kaoyan365.cn/school/cqu/yuanxi/7605/,计算机College,081200,http://yz.kaoyan365.cn/school/cqu/zhuanye/201074.html,计算机科学与技术,320,50,50,75,75
2024,http://yz.kaoyan365.cn/school/cqu/,重庆大学,http://yz.kaoyan365.cn/school/cqu/yuanxi/7605/,计算机College,081200,http://yz.kaoyan365.cn/school/cqu/zhuanye/201081.html,计算机科学与技术,320,50,50,75,75
2024,http://yz.kaoyan365.cn/school/cqu/,重庆大学,http://yz.kaoyan365.cn/school/cqu/yuanxi/7605/,计算机College,081200,http://yz.kaoyan365.cn/school/cqu/zhuanye/201069.html,计算机科学与技术,320,50,50,75,75
2024,http://yz.kaoyan365.cn/school/cqu/,重庆大学,http://yz.kaoyan365.cn/school/cqu/yuanxi/7605/,计算机College,081200,http://yz.kaoyan365.cn/school/cqu/zhuanye/201077.html,计算机科学与技术,320,50,50,75,75
2024,http://yz.kaoyan365.cn/school/cqu/,重庆大学,http://yz.kaoyan365.cn/school/cqu/yuanxi/7605/,计算机College,081200,http://yz.kaoyan365.cn/school/cqu/zhuanye/201080.html,计算机科学与技术,320,50,50,75,75
2024,http://yz.kaoyan365.cn/school/cqu/,重庆大学,http://yz.kaoyan365.cn/school/cqu/yuanxi/7605/,计算机College,081200,http://yz.kaoyan365.cn/school/cqu/zhuanye/201071.html,计算机科学与技术,320,50,50,75,75
2024,http://yz.kaoyan365.cn/school/cqu/,重庆大学,http://yz.kaoyan365.cn/school/cqu/yuanxi/7605/,计算机College,081200,http://yz.kaoyan365.cn/school/cqu/zhuanye/201075.html,计算机科学与技术,320,50,50,75,75
2024,http://yz.kaoyan365.cn/school/cqu/,重庆大学,http://yz.kaoyan365.cn/school/cqu/yuanxi/7605/,计算机College,081200,http://yz.kaoyan365.cn/school/cqu/zhuanye/201070.html,计算机科学与技术,320,50,50,75,75
2024,http://yz.kaoyan365.cn/school/cqu/,重庆大学,http://yz.kaoyan365.cn/school/cqu/yuanxi/7605/,计算机College,081200,http://yz.kaoyan365.cn/school/cqu/zhuanye/201072.html,计算机科学与技术,320,50,50,75,75
2024,http://yz.kaoyan365.cn/school/cqu/,重庆大学,http://yz.kaoyan365.cn/school/cqu/yuanxi/7605/,计算机College,081200,http://yz.kaoyan365.cn/school/cqu/zhuanye/201076.html,计算机科学与技术,320,50,50,75,75
2024,http://yz.kaoyan365.cn/school/cqu/,重庆大学,http://yz.kaoyan365.cn/school/cqu/yuanxi/7605/,计算机College,081200,http://yz.kaoyan365.cn/school/cqu/zhuanye/201078.html,计算机科学与技术,320,50,50,75,75
2024,http://yz.kaoyan365.cn/school/cqu/,重庆大学,http://yz.kaoyan365.cn/school/cqu/yuanxi/7605/,计算机College,081200,http://yz.kaoyan365.cn/school/cqu/zhuanye/201079.html,计算机科学与技术,320,50,50,75,75
2024,http://yz.kaoyan365.cn/school/gxun/,广西民族大学,http://yz.kaoyan365.cn/school/gxun/yuanxi/9126/,信息科学与工程College,081200,http://yz.kaoyan365.cn/school/gxun/zhuanye/199693.html,计算机科学与技术,254,34,34,51,51
2024,http://yz.kaoyan365.cn/school/glut/,桂林理工大学,http://yz.kaoyan365.cn/school/glut/yuanxi/9584/,信息科学与工程College,081200,http://yz.kaoyan365.cn/school/glut/zhuanye/198487.html,计算机科学与技术,254,34,34,51,51
2024,http://yz.kaoyan365.cn/school/glut/,桂林理工大学,http://yz.kaoyan365.cn/school/glut/yuanxi/9584/,信息科学与工程College,081200,http://yz.kaoyan365.cn/school/glut/zhuanye/198488.html,计算机科学与技术,254,34,34,51,51
2024,http://yz.kaoyan365.cn/school/glut/,桂林理工大学,http://yz.kaoyan365.cn/school/glut/yuanxi/9584/,信息科学与工程College,081200,http://yz.kaoyan365.cn/school/glut/zhuanye/198490.html,计算机科学与技术,254,34,34,51,51
2024,http://yz.kaoyan365.cn/school/glut/,桂林理工大学,http://yz.kaoyan365.cn/school/glut/yuanxi/9584/,信息科学与工程College,081200,http://yz.kaoyan365.cn/school/glut/zhuanye/198489.html,计算机科学与技术,254,34,34,51,51
2024,http://yz.kaoyan365.cn/school/glut/,桂林理工大学,http://yz.kaoyan365.cn/school/glut/yuanxi/9584/,信息科学与工程College,081200,http://yz.kaoyan365.cn/school/glut/zhuanye/198484.html,计算机科学与技术,254,34,34,51,51
2024,http://yz.kaoyan365.cn/school/glut/,桂林理工大学,http://yz.kaoyan365.cn/school/glut/yuanxi/9584/,信息科学与工程College,081200,http://yz.kaoyan365.cn/school/glut/zhuanye/198485.html,计算机科学与技术,254,34,34,51,51
2024,http://yz.kaoyan365.cn/school/glut/,桂林理工大学,http://yz.kaoyan365.cn/school/glut/yuanxi/9584/,信息科学与工程College,081200,http://yz.kaoyan365.cn/school/glut/zhuanye/198486.html,计算机科学与技术,254,34,34,51,51
2024,http://yz.kaoyan365.cn/school/gxu/,广西大学,http://yz.kaoyan365.cn/school/gxu/yuanxi/11482/,计算机与电子信息College,081200,http://yz.kaoyan365.cn/school/gxu/zhuanye/198319.html,计算机科学与技术,254,34,34,51,51
2024,http://yz.kaoyan365.cn/school/cqu/,重庆大学,http://yz.kaoyan365.cn/school/cqu/yuanxi/11689/,应用技术College,081200,http://yz.kaoyan365.cn/school/cqu/zhuanye/198164.html,计算机科学与技术,315,37,37,56,56
2024,http://yz.kaoyan365.cn/school/cqu/,重庆大学,http://yz.kaoyan365.cn/school/cqu/yuanxi/11689/,应用技术College,081200,http://yz.kaoyan365.cn/school/cqu/zhuanye/198163.html,计算机科学与技术,315,37,37,56,56
2024,http://yz.kaoyan365.cn/school/nuist/,南京信息工程大学,http://yz.kaoyan365.cn/school/nuist/yuanxi/3726/,计算机与软件College,081200,http://yz.kaoyan365.cn/school/nuist/zhuanye/198021.html,计算机科学与技术,315,37,37,56,56
2024,http://yz.kaoyan365.cn/school/scnu/,华南师范大学,http://yz.kaoyan365.cn/school/scnu/yuanxi/10531/,计算机College,081200,http://yz.kaoyan365.cn/school/scnu/zhuanye/197753.html,计算机科学与技术,334,37,37,56,56
2024,http://yz.kaoyan365.cn/school/scnu/,华南师范大学,http://yz.kaoyan365.cn/school/scnu/yuanxi/10531/,计算机College,081200,http://yz.kaoyan365.cn/school/scnu/zhuanye/197752.html,计算机科学与技术,334,37,37,56,56
2024,http://yz.kaoyan365.cn/school/scnu/,华南师范大学,http://yz.kaoyan365.cn/school/scnu/yuanxi/10531/,计算机College,081200,http://yz.kaoyan365.cn/school/scnu/zhuanye/197746.html,计算机科学与技术,334,37,37,56,56
2024,http://yz.kaoyan365.cn/school/scnu/,华南师范大学,http://yz.kaoyan365.cn/school/scnu/yuanxi/10531/,计算机College,081200,http://yz.kaoyan365.cn/school/scnu/zhuanye/197749.html,计算机科学与技术,334,37,37,56,56
2024,http://yz.kaoyan365.cn/school/scnu/,华南师范大学,http://yz.kaoyan365.cn/school/scnu/yuanxi/10531/,计算机College,081200,http://yz.kaoyan365.cn/school/scnu/zhuanye/197747.html,计算机科学与技术,334,37,37,56,56
2024,http://yz.kaoyan365.cn/school/scnu/,华南师范大学,http://yz.kaoyan365.cn/school/scnu/yuanxi/10531/,计算机College,081200,http://yz.kaoyan365.cn/school/scnu/zhuanye/197751.html,计算机科学与技术,334,37,37,56,56
2024,http://yz.kaoyan365.cn/school/scnu/,华南师范大学,http://yz.kaoyan365.cn/school/scnu/yuanxi/10531/,计算机College,081200,http://yz.kaoyan365.cn/school/scnu/zhuanye/197750.html,计算机科学与技术,334,37,37,56,56
2024,http://yz.kaoyan365.cn/school/scnu/,华南师范大学,http://yz.kaoyan365.cn/school/scnu/yuanxi/10531/,计算机College,081200,http://yz.kaoyan365.cn/school/scnu/zhuanye/197748.html,计算机科学与技术,334,37,37,56,56
2024,http://yz.kaoyan365.cn/school/bupt/,北京邮电大学,http://yz.kaoyan365.cn/school/bupt/yuanxi/266/,电子工程College,081200,http://yz.kaoyan365.cn/school/bupt/zhuanye/196973.html,计算机科学与技术,-,-,-,-,-
2024,http://yz.kaoyan365.cn/school/cwnu/,西华师范大学,http://yz.kaoyan365.cn/school/cwnu/yuanxi/4985/,数学与信息College,081200,http://yz.kaoyan365.cn/school/cwnu/zhuanye/196733.html,计算机科学与技术,-,-,-,-,-
2024,http://yz.kaoyan365.cn/school/cwnu/,西华师范大学,http://yz.kaoyan365.cn/school/cwnu/yuanxi/4985/,数学与信息College,081200,http://yz.kaoyan365.cn/school/cwnu/zhuanye/196735.html,计算机科学与技术,-,-,-,-,-
2024,http://yz.kaoyan365.cn/school/cwnu/,西华师范大学,http://yz.kaoyan365.cn/school/cwnu/yuanxi/4985/,数学与信息College,081200,http://yz.kaoyan365.cn/school/cwnu/zhuanye/196734.html,计算机科学与技术,-,-,-,-,-
2024,http://yz.kaoyan365.cn/school/csust/,长沙理工大学,http://yz.kaoyan365.cn/school/csust/yuanxi/4602/,计算机与通信工程College,077500,http://yz.kaoyan365.cn/school/csust/zhuanye/194154.html,计算机科学与技术,288,40,40,60,60
2024,http://yz.kaoyan365.cn/school/csust/,长沙理工大学,http://yz.kaoyan365.cn/school/csust/yuanxi/4602/,计算机与通信工程College,077500,http://yz.kaoyan365.cn/school/csust/zhuanye/194157.html,计算机科学与技术,288,40,40,60,60
2024,http://yz.kaoyan365.cn/school/csust/,长沙理工大学,http://yz.kaoyan365.cn/school/csust/yuanxi/4602/,计算机与通信工程College,077500,http://yz.kaoyan365.cn/school/csust/zhuanye/194156.html,计算机科学与技术,288,40,40,60,60
2024,http://yz.kaoyan365.cn/school/csust/,长沙理工大学,http://yz.kaoyan365.cn/school/csust/yuanxi/4602/,计算机与通信工程College,081200,http://yz.kaoyan365.cn/school/csust/zhuanye/194163.html,计算机科学与技术,288,40,40,60,60
2024,http://yz.kaoyan365.cn/school/csust/,长沙理工大学,http://yz.kaoyan365.cn/school/csust/yuanxi/4602/,计算机与通信工程College,081200,http://yz.kaoyan365.cn/school/csust/zhuanye/194165.html,计算机科学与技术,288,40,40,60,60
2024,http://yz.kaoyan365.cn/school/csust/,长沙理工大学,http://yz.kaoyan365.cn/school/csust/yuanxi/4602/,计算机与通信工程College,077500,http://yz.kaoyan365.cn/school/csust/zhuanye/194155.html,计算机科学与技术,288,40,40,60,60
2024,http://yz.kaoyan365.cn/school/csust/,长沙理工大学,http://yz.kaoyan365.cn/school/csust/yuanxi/4602/,计算机与通信工程College,081200,http://yz.kaoyan365.cn/school/csust/zhuanye/194164.html,计算机科学与技术,288,40,40,60,60
2024,http://yz.kaoyan365.cn/school/csust/,长沙理工大学,http://yz.kaoyan365.cn/school/csust/yuanxi/4602/,计算机与通信工程College,081200,http://yz.kaoyan365.cn/school/csust/zhuanye/194162.html,计算机科学与技术,288,40,40,60,60
2024,http://yz.kaoyan365.cn/school/hnust/,湖南科技大学,http://yz.kaoyan365.cn/school/hnust/yuanxi/4888/,计算机科学与工程College,081200,http://yz.kaoyan365.cn/school/hnust/zhuanye/193929.html,计算机科学与技术,264,37,37,56,56
2024,http://yz.kaoyan365.cn/school/hnust/,湖南科技大学,http://yz.kaoyan365.cn/school/hnust/yuanxi/4888/,计算机科学与工程College,081200,http://yz.kaoyan365.cn/school/hnust/zhuanye/193928.html,计算机科学与技术,264,37,37,56,56
2024,http://yz.kaoyan365.cn/school/hnust/,湖南科技大学,http://yz.kaoyan365.cn/school/hnust/yuanxi/4888/,计算机科学与工程College,081200,http://yz.kaoyan365.cn/school/hnust/zhuanye/193931.html,计算机科学与技术,264,37,37,56,56
2024,http://yz.kaoyan365.cn/school/hnust/,湖南科技大学,http://yz.kaoyan365.cn/school/hnust/yuanxi/4888/,计算机科学与工程College,081200,http://yz.kaoyan365.cn/school/hnust/zhuanye/193930.html,计算机科学与技术,264,37,37,56,56
2024,http://yz.kaoyan365.cn/school/xtu/,湘潭大学,http://yz.kaoyan365.cn/school/xtu/yuanxi/5262/,信息工程College,081200,http://yz.kaoyan365.cn/school/xtu/zhuanye/193158.html,计算机科学与技术,302,37,37,56,56
2024,http://yz.kaoyan365.cn/school/xtu/,湘潭大学,http://yz.kaoyan365.cn/school/xtu/yuanxi/5262/,信息工程College,081200,http://yz.kaoyan365.cn/school/xtu/zhuanye/193159.html,计算机科学与技术,302,37,37,56,56
2024,http://yz.kaoyan365.cn/school/xtu/,湘潭大学,http://yz.kaoyan365.cn/school/xtu/yuanxi/5262/,信息工程College,081200,http://yz.kaoyan365.cn/school/xtu/zhuanye/193156.html,计算机科学与技术,302,37,37,56,56
2024,http://yz.kaoyan365.cn/school/xtu/,湘潭大学,http://yz.kaoyan365.cn/school/xtu/yuanxi/5262/,信息工程College,081200,http://yz.kaoyan365.cn/school/xtu/zhuanye/193157.html,计算机科学与技术,302,37,37,56,56
2024,http://yz.kaoyan365.cn/school/scuec/,中南民族大学,http://yz.kaoyan365.cn/school/scuec/yuanxi/10571/,计算机科学College,0812Z1,http://yz.kaoyan365.cn/school/scuec/zhuanye/192857.html,信息安全,264,37,37,56,56
2024,http://yz.kaoyan365.cn/school/scuec/,中南民族大学,http://yz.kaoyan365.cn/school/scuec/yuanxi/10571/,计算机科学College,0812Z1,http://yz.kaoyan365.cn/school/scuec/zhuanye/192855.html,信息安全,264,37,37,56,56
2024,http://yz.kaoyan365.cn/school/scuec/,中南民族大学,http://yz.kaoyan365.cn/school/scuec/yuanxi/10571/,计算机科学College,0812Z1,http://yz.kaoyan365.cn/school/scuec/zhuanye/192856.html,信息安全,264,37,37,56,56
2024,http://yz.kaoyan365.cn/school/znufe/,中南财经政法大学,http://yz.kaoyan365.cn/school/znufe/yuanxi/10880/,信息与安全工程College,081200,http://yz.kaoyan365.cn/school/znufe/zhuanye/192607.html,计算机科学与技术,322,37,37,56,56
2024,http://yz.kaoyan365.cn/school/hbmy/,湖北民族大学,http://yz.kaoyan365.cn/school/hbmy/yuanxi/10895/,信息工程College,0701Z1,http://yz.kaoyan365.cn/school/hbmy/zhuanye/192466.html,信息安全,288,40,40,60,60
2024,http://yz.kaoyan365.cn/school/hbmy/,湖北民族大学,http://yz.kaoyan365.cn/school/hbmy/yuanxi/10895/,信息工程College,0701Z1,http://yz.kaoyan365.cn/school/hbmy/zhuanye/192465.html,信息安全,288,40,40,60,60
2024,http://yz.kaoyan365.cn/school/ccnu/,华中师范大学,http://yz.kaoyan365.cn/school/ccnu/yuanxi/11116/,国家数字化学习工程技术研究中心,081200,http://yz.kaoyan365.cn/school/ccnu/zhuanye/192082.html,计算机科学与技术,264,37,37,56,56
2024,http://yz.kaoyan365.cn/school/ccnu/,华中师范大学,http://yz.kaoyan365.cn/school/ccnu/yuanxi/11116/,国家数字化学习工程技术研究中心,081200,http://yz.kaoyan365.cn/school/ccnu/zhuanye/192083.html,计算机科学与技术,264,37,37,56,56
2024,http://yz.kaoyan365.cn/school/ccnu/,华中师范大学,http://yz.kaoyan365.cn/school/ccnu/yuanxi/11116/,国家数字化学习工程技术研究中心,081200,http://yz.kaoyan365.cn/school/ccnu/zhuanye/192084.html,计算机科学与技术,264,37,37,56,56
2024,http://yz.kaoyan365.cn/school/ccnu/,华中师范大学,http://yz.kaoyan365.cn/school/ccnu/yuanxi/11116/,国家数字化学习工程技术研究中心,081200,http://yz.kaoyan365.cn/school/ccnu/zhuanye/192081.html,计算机科学与技术,264,37,37,56,56
2024,http://yz.kaoyan365.cn/school/ccnu/,华中师范大学,http://yz.kaoyan365.cn/school/ccnu/yuanxi/11094/,计算机College,081200,http://yz.kaoyan365.cn/school/ccnu/zhuanye/192076.html,计算机科学与技术,288,37,37,56,56
2024,http://yz.kaoyan365.cn/school/ccnu/,华中师范大学,http://yz.kaoyan365.cn/school/ccnu/yuanxi/11094/,计算机College,081200,http://yz.kaoyan365.cn/school/ccnu/zhuanye/192077.html,计算机科学与技术,288,37,37,56,56
2024,http://yz.kaoyan365.cn/school/ccnu/,华中师范大学,http://yz.kaoyan365.cn/school/ccnu/yuanxi/11094/,计算机College,081200,http://yz.kaoyan365.cn/school/ccnu/zhuanye/192075.html,计算机科学与技术,288,37,37,56,56
2024,http://yz.kaoyan365.cn/school/hbut/,湖北工业大学,http://yz.kaoyan365.cn/school/hbut/yuanxi/10905/,计算机College,077500,http://yz.kaoyan365.cn/school/hbut/zhuanye/191236.html,计算机科学与技术,294,69,54,69,100
2024,http://yz.kaoyan365.cn/school/hbut/,湖北工业大学,http://yz.kaoyan365.cn/school/hbut/yuanxi/10905/,计算机College,081200,http://yz.kaoyan365.cn/school/hbut/zhuanye/191238.html,计算机科学与技术,311,37,37,56,56
2024,http://yz.kaoyan365.cn/school/hbut/,湖北工业大学,http://yz.kaoyan365.cn/school/hbut/yuanxi/10905/,计算机College,077500,http://yz.kaoyan365.cn/school/hbut/zhuanye/191234.html,计算机科学与技术,294,69,54,69,100
2024,http://yz.kaoyan365.cn/school/hbut/,湖北工业大学,http://yz.kaoyan365.cn/school/hbut/yuanxi/10905/,计算机College,081200,http://yz.kaoyan365.cn/school/hbut/zhuanye/191239.html,计算机科学与技术,311,37,37,56,56
2024,http://yz.kaoyan365.cn/school/hbut/,湖北工业大学,http://yz.kaoyan365.cn/school/hbut/yuanxi/10905/,计算机College,077500,http://yz.kaoyan365.cn/school/hbut/zhuanye/191237.html,计算机科学与技术,294,69,54,69,100
2024,http://yz.kaoyan365.cn/school/hbut/,湖北工业大学,http://yz.kaoyan365.cn/school/hbut/yuanxi/10905/,计算机College,081200,http://yz.kaoyan365.cn/school/hbut/zhuanye/191241.html,计算机科学与技术,311,37,37,56,56
2024,http://yz.kaoyan365.cn/school/hbut/,湖北工业大学,http://yz.kaoyan365.cn/school/hbut/yuanxi/10905/,计算机College,081200,http://yz.kaoyan365.cn/school/hbut/zhuanye/191240.html,计算机科学与技术,311,37,37,56,56
2024,http://yz.kaoyan365.cn/school/hbut/,湖北工业大学,http://yz.kaoyan365.cn/school/hbut/yuanxi/10905/,计算机College,077500,http://yz.kaoyan365.cn/school/hbut/zhuanye/191235.html,计算机科学与技术,294,69,54,69,100
2024,http://yz.kaoyan365.cn/school/whut/,武汉理工大学,http://yz.kaoyan365.cn/school/whut/yuanxi/10590/,计算机科学与技术College,081200,http://yz.kaoyan365.cn/school/whut/zhuanye/191022.html,计算机科学与技术,266,37,37,56,56
2024,http://yz.kaoyan365.cn/school/whut/,武汉理工大学,http://yz.kaoyan365.cn/school/whut/yuanxi/10590/,计算机科学与技术College,081200,http://yz.kaoyan365.cn/school/whut/zhuanye/191021.html,计算机科学与技术,266,37,37,56,56
2022,http://yz.kaoyan365.cn/school/whut/,武汉理工大学,http://yz.kaoyan365.cn/school/whut/yuanxi/10590/,计算机科学与技术College,083500,http://yz.kaoyan365.cn/school/whut/zhuanye/191028.html,Software Engineering,264,37,37,56,56
2022,http://yz.kaoyan365.cn/school/whut/,武汉理工大学,http://yz.kaoyan365.cn/school/whut/yuanxi/10590/,计算机科学与技术College,083500,http://yz.kaoyan365.cn/school/whut/zhuanye/191026.html,Software Engineering,264,37,37,56,56
2022,http://yz.kaoyan365.cn/school/whut/,武汉理工大学,http://yz.kaoyan365.cn/school/whut/yuanxi/10590/,计算机科学与技术College,083500,http://yz.kaoyan365.cn/school/whut/zhuanye/191025.html,Software Engineering,264,37,37,56,56
2022,http://yz.kaoyan365.cn/school/whut/,武汉理工大学,http://yz.kaoyan365.cn/school/whut/yuanxi/10590/,计算机科学与技术College,081200,http://yz.kaoyan365.cn/school/whut/zhuanye/191024.html,计算机科学与技术,266,37,37,56,56
2022,http://yz.kaoyan365.cn/school/whut/,武汉理工大学,http://yz.kaoyan365.cn/school/whut/yuanxi/10590/,计算机科学与技术College,083500,http://yz.kaoyan365.cn/school/whut/zhuanye/191027.html,Software Engineering,264,37,37,56,56
2022,http://yz.kaoyan365.cn/school/whut/,武汉理工大学,http://yz.kaoyan365.cn/school/whut/yuanxi/10590/,计算机科学与技术College,081200,http://yz.kaoyan365.cn/school/whut/zhuanye/191023.html,计算机科学与技术,266,37,37,56,56
2022,http://yz.kaoyan365.cn/school/wtu/,武汉纺织大学,http://yz.kaoyan365.cn/school/wtu/yuanxi/9953/,管理College,077500,http://yz.kaoyan365.cn/school/wtu/zhuanye/190818.html,计算机科学与技术,288,40,40,60,60
2022,http://yz.kaoyan365.cn/school/wtu/,武汉纺织大学,http://yz.kaoyan365.cn/school/wtu/yuanxi/9946/,数学与计算机College,077500,http://yz.kaoyan365.cn/school/wtu/zhuanye/190801.html,计算机科学与技术,288,40,40,60,60
2022,http://yz.kaoyan365.cn/school/wtu/,武汉纺织大学,http://yz.kaoyan365.cn/school/wtu/yuanxi/9946/,数学与计算机College,077500,http://yz.kaoyan365.cn/school/wtu/zhuanye/190804.html,计算机科学与技术,288,40,40,60,60
2022,http://yz.kaoyan365.cn/school/wtu/,武汉纺织大学,http://yz.kaoyan365.cn/school/wtu/yuanxi/9946/,数学与计算机College,077500,http://yz.kaoyan365.cn/school/wtu/zhuanye/190802.html,计算机科学与技术,288,40,40,60,60
2022,http://yz.kaoyan365.cn/school/wtu/,武汉纺织大学,http://yz.kaoyan365.cn/school/wtu/yuanxi/9946/,数学与计算机College,077500,http://yz.kaoyan365.cn/school/wtu/zhuanye/190805.html,计算机科学与技术,288,40,40,60,60
2022,http://yz.kaoyan365.cn/school/wtu/,武汉纺织大学,http://yz.kaoyan365.cn/school/wtu/yuanxi/9946/,数学与计算机College,077500,http://yz.kaoyan365.cn/school/wtu/zhuanye/190803.html,计算机科学与技术,288,40,40,60,60
2022,http://yz.kaoyan365.cn/school/cug/,中国地质大学（武汉）,http://yz.kaoyan365.cn/school/cug/yuanxi/10055/,计算机College,0812Z1,http://yz.kaoyan365.cn/school/cug/zhuanye/190574.html,信息安全,-,-,-,-,-
2022,http://yz.kaoyan365.cn/school/cug/,中国地质大学（武汉）,http://yz.kaoyan365.cn/school/cug/yuanxi/10055/,计算机College,0812Z1,http://yz.kaoyan365.cn/school/cug/zhuanye/190575.html,信息安全,-,-,-,-,-
2022,http://yz.kaoyan365.cn/school/cug/,中国地质大学（武汉）,http://yz.kaoyan365.cn/school/cug/yuanxi/10055/,计算机College,081200,http://yz.kaoyan365.cn/school/cug/zhuanye/190568.html,计算机科学与技术,-,-,-,-,-
2022,http://yz.kaoyan365.cn/school/cug/,中国地质大学（武汉）,http://yz.kaoyan365.cn/school/cug/yuanxi/10055/,计算机College,0812Z1,http://yz.kaoyan365.cn/school/cug/zhuanye/190571.html,信息安全,-,-,-,-,-
2022,http://yz.kaoyan365.cn/school/cug/,中国地质大学（武汉）,http://yz.kaoyan365.cn/school/cug/yuanxi/10055/,计算机College,081200,http://yz.kaoyan365.cn/school/cug/zhuanye/190569.html,计算机科学与技术,-,-,-,-,-
2022,http://yz.kaoyan365.cn/school/cug/,中国地质大学（武汉）,http://yz.kaoyan365.cn/school/cug/yuanxi/10055/,计算机College,0812Z1,http://yz.kaoyan365.cn/school/cug/zhuanye/190573.html,信息安全,-,-,-,-,-
2022,http://yz.kaoyan365.cn/school/cug/,中国地质大学（武汉）,http://yz.kaoyan365.cn/school/cug/yuanxi/10055/,计算机College,081200,http://yz.kaoyan365.cn/school/cug/zhuanye/190570.html,计算机科学与技术,-,-,-,-,-
2022,http://yz.kaoyan365.cn/school/cug/,中国地质大学（武汉）,http://yz.kaoyan365.cn/school/cug/yuanxi/10055/,计算机College,0812Z1,http://yz.kaoyan365.cn/school/cug/zhuanye/190572.html,信息安全,-,-,-,-,-
2022,http://yz.kaoyan365.cn/school/cug/,中国地质大学（武汉）,http://yz.kaoyan365.cn/school/cug/yuanxi/10055/,计算机College,081200,http://yz.kaoyan365.cn/school/cug/zhuanye/190567.html,计算机科学与技术,-,-,-,-,-
2022,http://yz.kaoyan365.cn/school/yangtzeu/,长江大学,http://yz.kaoyan365.cn/school/yangtzeu/yuanxi/10296/,计算机科学College,081200,http://yz.kaoyan365.cn/school/yangtzeu/zhuanye/190009.html,计算机科学与技术,264,37,37,56,56
2022,http://yz.kaoyan365.cn/school/yangtzeu/,长江大学,http://yz.kaoyan365.cn/school/yangtzeu/yuanxi/10296/,计算机科学College,077500,http://yz.kaoyan365.cn/school/yangtzeu/zhuanye/189998.html,计算机科学与技术,288,40,40,60,60
2022,http://yz.kaoyan365.cn/school/yangtzeu/,长江大学,http://yz.kaoyan365.cn/school/yangtzeu/yuanxi/10296/,计算机科学College,081200,http://yz.kaoyan365.cn/school/yangtzeu/zhuanye/190006.html,计算机科学与技术,264,37,37,56,56
2022,http://yz.kaoyan365.cn/school/yangtzeu/,长江大学,http://yz.kaoyan365.cn/school/yangtzeu/yuanxi/10296/,计算机科学College,077500,http://yz.kaoyan365.cn/school/yangtzeu/zhuanye/189997.html,计算机科学与技术,288,40,40,60,60
2022,http://yz.kaoyan365.cn/school/yangtzeu/,长江大学,http://yz.kaoyan365.cn/school/yangtzeu/yuanxi/10296/,计算机科学College,081200,http://yz.kaoyan365.cn/school/yangtzeu/zhuanye/190002.html,计算机科学与技术,264,37,37,56,56
2022,http://yz.kaoyan365.cn/school/yangtzeu/,长江大学,http://yz.kaoyan365.cn/school/yangtzeu/yuanxi/10296/,计算机科学College,077500,http://yz.kaoyan365.cn/school/yangtzeu/zhuanye/190001.html,计算机科学与技术,288,40,40,60,60
2022,http://yz.kaoyan365.cn/school/yangtzeu/,长江大学,http://yz.kaoyan365.cn/school/yangtzeu/yuanxi/10296/,计算机科学College,081200,http://yz.kaoyan365.cn/school/yangtzeu/zhuanye/190007.html,计算机科学与技术,264,37,37,56,56
2022,http://yz.kaoyan365.cn/school/yangtzeu/,长江大学,http://yz.kaoyan365.cn/school/yangtzeu/yuanxi/10296/,计算机科学College,081200,http://yz.kaoyan365.cn/school/yangtzeu/zhuanye/190004.html,计算机科学与技术,264,37,37,56,56
2022,http://yz.kaoyan365.cn/school/yangtzeu/,长江大学,http://yz.kaoyan365.cn/school/yangtzeu/yuanxi/10296/,计算机科学College,081200,http://yz.kaoyan365.cn/school/yangtzeu/zhuanye/190005.html,计算机科学与技术,264,37,37,56,56
2022,http://yz.kaoyan365.cn/school/yangtzeu/,长江大学,http://yz.kaoyan365.cn/school/yangtzeu/yuanxi/10296/,计算机科学College,077500,http://yz.kaoyan365.cn/school/yangtzeu/zhuanye/190000.html,计算机科学与技术,288,40,40,60,60
2022,http://yz.kaoyan365.cn/school/yangtzeu/,长江大学,http://yz.kaoyan365.cn/school/yangtzeu/yuanxi/10296/,计算机科学College,081200,http://yz.kaoyan365.cn/school/yangtzeu/zhuanye/190008.html,计算机科学与技术,264,37,37,56,56
2022,http://yz.kaoyan365.cn/school/yangtzeu/,长江大学,http://yz.kaoyan365.cn/school/yangtzeu/yuanxi/10296/,计算机科学College,081200,http://yz.kaoyan365.cn/school/yangtzeu/zhuanye/190003.html,计算机科学与技术,264,37,37,56,56
2022,http://yz.kaoyan365.cn/school/yangtzeu/,长江大学,http://yz.kaoyan365.cn/school/yangtzeu/yuanxi/10296/,计算机科学College,077500,http://yz.kaoyan365.cn/school/yangtzeu/zhuanye/189999.html,计算机科学与技术,288,40,40,60,60
2022,http://yz.kaoyan365.cn/school/yangtzeu/,长江大学,http://yz.kaoyan365.cn/school/yangtzeu/yuanxi/10296/,计算机科学College,077500,http://yz.kaoyan365.cn/school/yangtzeu/zhuanye/189994.html,计算机科学与技术,288,40,40,60,60
2022,http://yz.kaoyan365.cn/school/yangtzeu/,长江大学,http://yz.kaoyan365.cn/school/yangtzeu/yuanxi/10296/,计算机科学College,077500,http://yz.kaoyan365.cn/school/yangtzeu/zhuanye/189995.html,计算机科学与技术,288,40,40,60,60
2022,http://yz.kaoyan365.cn/school/yangtzeu/,长江大学,http://yz.kaoyan365.cn/school/yangtzeu/yuanxi/10296/,计算机科学College,077500,http://yz.kaoyan365.cn/school/yangtzeu/zhuanye/189996.html,计算机科学与技术,288,40,40,60,60
2022,http://yz.kaoyan365.cn/school/wust/,武汉科技大学,http://yz.kaoyan365.cn/school/wust/yuanxi/10426/,计算机科学与技术College,083500,http://yz.kaoyan365.cn/school/wust/zhuanye/189407.html,Software Engineering,264,37,37,56,56
2022,http://yz.kaoyan365.cn/school/wust/,武汉科技大学,http://yz.kaoyan365.cn/school/wust/yuanxi/10426/,计算机科学与技术College,083500,http://yz.kaoyan365.cn/school/wust/zhuanye/189406.html,Software Engineering,264,37,37,56,56
2022,http://yz.kaoyan365.cn/school/wust/,武汉科技大学,http://yz.kaoyan365.cn/school/wust/yuanxi/10426/,计算机科学与技术College,083500,http://yz.kaoyan365.cn/school/wust/zhuanye/189405.html,Software Engineering,264,37,37,56,56
2022,http://yz.kaoyan365.cn/school/wust/,武汉科技大学,http://yz.kaoyan365.cn/school/wust/yuanxi/10426/,计算机科学与技术College,0812J2,http://yz.kaoyan365.cn/school/wust/zhuanye/189404.html,网络信息安全,264,37,37,56,56
2022,http://yz.kaoyan365.cn/school/wust/,武汉科技大学,http://yz.kaoyan365.cn/school/wust/yuanxi/10426/,计算机科学与技术College,0812J2,http://yz.kaoyan365.cn/school/wust/zhuanye/189403.html,网络信息安全,264,37,37,56,56
2022,http://yz.kaoyan365.cn/school/wust/,武汉科技大学,http://yz.kaoyan365.cn/school/wust/yuanxi/10426/,计算机科学与技术College,0812J2,http://yz.kaoyan365.cn/school/wust/zhuanye/189402.html,网络信息安全,264,37,37,56,56
2022,http://yz.kaoyan365.cn/school/wust/,武汉科技大学,http://yz.kaoyan365.cn/school/wust/yuanxi/10426/,计算机科学与技术College,081200,http://yz.kaoyan365.cn/school/wust/zhuanye/189401.html,计算机科学与技术,264,37,37,56,56
2022,http://yz.kaoyan365.cn/school/wust/,武汉科技大学,http://yz.kaoyan365.cn/school/wust/yuanxi/10426/,计算机科学与技术College,081200,http://yz.kaoyan365.cn/school/wust/zhuanye/189399.html,计算机科学与技术,264,37,37,56,56
2022,http://yz.kaoyan365.cn/school/wust/,武汉科技大学,http://yz.kaoyan365.cn/school/wust/yuanxi/10426/,计算机科学与技术College,081200,http://yz.kaoyan365.cn/school/wust/zhuanye/189400.html,计算机科学与技术,264,37,37,56,56
2022,http://yz.kaoyan365.cn/school/hust/,华中师范大学,http://yz.kaoyan365.cn/school/hust/yuanxi/10492/,计算机科学与技术College,081202,http://yz.kaoyan365.cn/school/hust/zhuanye/188997.html,计算机软件与理论,350,60,60,90,90
2022,http://yz.kaoyan365.cn/school/hust/,华中科技大学,http://yz.kaoyan365.cn/school/hust/yuanxi/10492/,计算机科学与技术College,081203,http://yz.kaoyan365.cn/school/hust/zhuanye/189002.html,计算机应用技术,350,60,60,90,90
2022,http://yz.kaoyan365.cn/school/hust/,华中科技大学,http://yz.kaoyan365.cn/school/hust/yuanxi/10492/,计算机科学与技术College,081203,http://yz.kaoyan365.cn/school/hust/zhuanye/189005.html,计算机应用技术,350,60,60,90,90
2022,http://yz.kaoyan365.cn/school/hust/,华中科技大学,http://yz.kaoyan365.cn/school/hust/yuanxi/10492/,计算机科学与技术College,081203,http://yz.kaoyan365.cn/school/hust/zhuanye/189004.html,计算机应用技术,350,60,60,90,90
2022,http://yz.kaoyan365.cn/school/hust/,华中科技大学,http://yz.kaoyan365.cn/school/hust/yuanxi/10492/,计算机科学与技术College,081202,http://yz.kaoyan365.cn/school/hust/zhuanye/189000.html,计算机软件与理论,350,60,60,90,90
2022,http://yz.kaoyan365.cn/school/hust/,华中科技大学,http://yz.kaoyan365.cn/school/hust/yuanxi/10492/,计算机科学与技术College,081203,http://yz.kaoyan365.cn/school/hust/zhuanye/189006.html,计算机应用技术,350,60,60,90,90
2022,http://yz.kaoyan365.cn/school/hust/,华中科技大学,http://yz.kaoyan365.cn/school/hust/yuanxi/10492/,计算机科学与技术College,081201,http://yz.kaoyan365.cn/school/hust/zhuanye/188992.html,计算机系统结构,350,60,50,90,90
2022,http://yz.kaoyan365.cn/school/hust/,华中科技大学,http://yz.kaoyan365.cn/school/hust/yuanxi/10492/,计算机科学与技术College,081202,http://yz.kaoyan365.cn/school/hust/zhuanye/188996.html,计算机软件与理论,350,60,60,90,90
2022,http://yz.kaoyan365.cn/school/hust/,华中科技大学,http://yz.kaoyan365.cn/school/hust/yuanxi/10492/,计算机科学与技术College,081202,http://yz.kaoyan365.cn/school/hust/zhuanye/188995.html,计算机软件与理论,350,60,60,90,90
2022,http://yz.kaoyan365.cn/school/hust/,华中科技大学,http://yz.kaoyan365.cn/school/hust/yuanxi/10492/,计算机科学与技术College,081202,http://yz.kaoyan365.cn/school/hust/zhuanye/188998.html,计算机软件与理论,350,60,60,90,90
2022,http://yz.kaoyan365.cn/school/hust/,华中科技大学,http://yz.kaoyan365.cn/school/hust/yuanxi/10492/,计算机科学与技术College,081202,http://yz.kaoyan365.cn/school/hust/zhuanye/188999.html,计算机软件与理论,350,60,60,90,90
2022,http://yz.kaoyan365.cn/school/hust/,华中科技大学,http://yz.kaoyan365.cn/school/hust/yuanxi/10492/,计算机科学与技术College,081203,http://yz.kaoyan365.cn/school/hust/zhuanye/189003.html,计算机应用技术,350,60,60,90,90
2022,http://yz.kaoyan365.cn/school/hust/,华中科技大学,http://yz.kaoyan365.cn/school/hust/yuanxi/10492/,计算机科学与技术College,081203,http://yz.kaoyan365.cn/school/hust/zhuanye/189001.html,计算机应用技术,350,60,60,90,90
2022,http://yz.kaoyan365.cn/school/hust/,华中科技大学,http://yz.kaoyan365.cn/school/hust/yuanxi/10492/,计算机科学与技术College,081201,http://yz.kaoyan365.cn/school/hust/zhuanye/188994.html,计算机系统结构,350,60,50,90,90
2022,http://yz.kaoyan365.cn/school/hust/,华中科技大学,http://yz.kaoyan365.cn/school/hust/yuanxi/10492/,计算机科学与技术College,081201,http://yz.kaoyan365.cn/school/hust/zhuanye/188993.html,计算机系统结构,350,60,50,90,90
2022,http://yz.kaoyan365.cn/school/hust/,华中科技大学,http://yz.kaoyan365.cn/school/hust/yuanxi/10492/,计算机科学与技术College,081201,http://yz.kaoyan365.cn/school/hust/zhuanye/188991.html,计算机系统结构,350,60,50,90,90
2022,http://yz.kaoyan365.cn/school/hust/,华中科技大学,http://yz.kaoyan365.cn/school/hust/yuanxi/10492/,计算机科学与技术College,081201,http://yz.kaoyan365.cn/school/hust/zhuanye/188990.html,计算机系统结构,350,60,50,90,90
2022,http://yz.kaoyan365.cn/school/whu/,武汉大学,http://yz.kaoyan365.cn/school/whu/yuanxi/10782/,计算机College,081200,http://yz.kaoyan365.cn/school/whu/zhuanye/188581.html,计算机科学与技术,290,50,50,70,75
2022,http://yz.kaoyan365.cn/school/whu/,武汉大学,http://yz.kaoyan365.cn/school/whu/yuanxi/10782/,计算机College,081200,http://yz.kaoyan365.cn/school/whu/zhuanye/188584.html,计算机科学与技术,290,50,50,70,75
2022,http://yz.kaoyan365.cn/school/whu/,武汉大学,http://yz.kaoyan365.cn/school/whu/yuanxi/10782/,计算机College,081200,http://yz.kaoyan365.cn/school/whu/zhuanye/188582.html,计算机科学与技术,290,50,50,70,75
2022,http://yz.kaoyan365.cn/school/whu/,武汉大学,http://yz.kaoyan365.cn/school/whu/yuanxi/10782/,计算机College,081200,http://yz.kaoyan365.cn/school/whu/zhuanye/188580.html,计算机科学与技术,290,50,50,70,75
2022,http://yz.kaoyan365.cn/school/whu/,武汉大学,http://yz.kaoyan365.cn/school/whu/yuanxi/10782/,计算机College,081200,http://yz.kaoyan365.cn/school/whu/zhuanye/188578.html,计算机科学与技术,290,50,50,70,75
2022,http://yz.kaoyan365.cn/school/whu/,武汉大学,http://yz.kaoyan365.cn/school/whu/yuanxi/10782/,计算机College,081200,http://yz.kaoyan365.cn/school/whu/zhuanye/188577.html,计算机科学与技术,290,50,50,70,75
2022,http://yz.kaoyan365.cn/school/whu/,武汉大学,http://yz.kaoyan365.cn/school/whu/yuanxi/10782/,计算机College,081200,http://yz.kaoyan365.cn/school/whu/zhuanye/188583.html,计算机科学与技术,290,50,50,70,75
2022,http://yz.kaoyan365.cn/school/whu/,武汉大学,http://yz.kaoyan365.cn/school/whu/yuanxi/10782/,计算机College,081200,http://yz.kaoyan365.cn/school/whu/zhuanye/188579.html,计算机科学与技术,290,50,50,70,75
2022,http://yz.kaoyan365.cn/school/whu/,武汉大学,http://yz.kaoyan365.cn/school/whu/yuanxi/10782/,计算机College,081200,http://yz.kaoyan365.cn/school/whu/zhuanye/188576.html,计算机科学与技术,290,50,50,70,75
2022,http://yz.kaoyan365.cn/school/whu/,武汉大学,http://yz.kaoyan365.cn/school/whu/yuanxi/10782/,计算机College,081200,http://yz.kaoyan365.cn/school/whu/zhuanye/188575.html,计算机科学与技术,290,50,50,70,75
2022,http://yz.kaoyan365.cn/school/whu/,武汉大学,http://yz.kaoyan365.cn/school/whu/yuanxi/10782/,计算机College,081200,http://yz.kaoyan365.cn/school/whu/zhuanye/188574.html,计算机科学与技术,290,50,50,70,75
2022,http://yz.kaoyan365.cn/school/whu/,武汉大学,http://yz.kaoyan365.cn/school/whu/yuanxi/10782/,计算机College,081200,http://yz.kaoyan365.cn/school/whu/zhuanye/188572.html,计算机科学与技术,290,50,50,70,75
2022,http://yz.kaoyan365.cn/school/whu/,武汉大学,http://yz.kaoyan365.cn/school/whu/yuanxi/10782/,计算机College,081200,http://yz.kaoyan365.cn/school/whu/zhuanye/188573.html,计算机科学与技术,290,50,50,70,75
2022,http://yz.kaoyan365.cn/school/whu/,武汉大学,http://yz.kaoyan365.cn/school/whu/yuanxi/10782/,计算机College,081200,http://yz.kaoyan365.cn/school/whu/zhuanye/188570.html,计算机科学与技术,290,50,50,70,75
2022,http://yz.kaoyan365.cn/school/whu/,武汉大学,http://yz.kaoyan365.cn/school/whu/yuanxi/10782/,计算机College,081200,http://yz.kaoyan365.cn/school/whu/zhuanye/188569.html,计算机科学与技术,290,50,50,70,75
2022,http://yz.kaoyan365.cn/school/whu/,武汉大学,http://yz.kaoyan365.cn/school/whu/yuanxi/10782/,计算机College,081200,http://yz.kaoyan365.cn/school/whu/zhuanye/188567.html,计算机科学与技术,290,50,50,70,75
2022,http://yz.kaoyan365.cn/school/whu/,武汉大学,http://yz.kaoyan365.cn/school/whu/yuanxi/10782/,计算机College,081200,http://yz.kaoyan365.cn/school/whu/zhuanye/188566.html,计算机科学与技术,290,50,50,70,75
2022,http://yz.kaoyan365.cn/school/whu/,武汉大学,http://yz.kaoyan365.cn/school/whu/yuanxi/10782/,计算机College,081200,http://yz.kaoyan365.cn/school/whu/zhuanye/188568.html,计算机科学与技术,290,50,50,70,75
2022,http://yz.kaoyan365.cn/school/whu/,武汉大学,http://yz.kaoyan365.cn/school/whu/yuanxi/10782/,计算机College,081200,http://yz.kaoyan365.cn/school/whu/zhuanye/188565.html,计算机科学与技术,290,50,50,70,75
2022,http://yz.kaoyan365.cn/school/whu/,武汉大学,http://yz.kaoyan365.cn/school/whu/yuanxi/10782/,计算机College,081200,http://yz.kaoyan365.cn/school/whu/zhuanye/188571.html,计算机科学与技术,290,50,50,70,75
2022,http://yz.kaoyan365.cn/school/btbu/,北京工商大学,http://yz.kaoyan365.cn/school/btbu/yuanxi/245/,计算机与信息工程College,081200,http://yz.kaoyan365.cn/school/btbu/zhuanye/187732.html,计算机科学与技术,264,37,37,56,56
2022,http://yz.kaoyan365.cn/school/btbu/,北京工商大学,http://yz.kaoyan365.cn/school/btbu/yuanxi/245/,计算机与信息工程College,081200,http://yz.kaoyan365.cn/school/btbu/zhuanye/187733.html,计算机科学与技术,264,37,37,56,56
2022,http://yz.kaoyan365.cn/school/btbu/,北京工商大学,http://yz.kaoyan365.cn/school/btbu/yuanxi/245/,计算机与信息工程College,081200,http://yz.kaoyan365.cn/school/btbu/zhuanye/187736.html,计算机科学与技术,264,37,37,56,56
2022,http://yz.kaoyan365.cn/school/btbu/,北京工商大学,http://yz.kaoyan365.cn/school/btbu/yuanxi/245/,计算机与信息工程College,081200,http://yz.kaoyan365.cn/school/btbu/zhuanye/187735.html,计算机科学与技术,264,37,37,56,56
2023,http://yz.kaoyan365.cn/school/btbu/,北京工商大学,http://yz.kaoyan365.cn/school/btbu/yuanxi/245/,计算机与信息工程College,081200,http://yz.kaoyan365.cn/school/btbu/zhuanye/187737.html,计算机科学与技术,264,37,37,56,56
2023,http://yz.kaoyan365.cn/school/btbu/,北京工商大学,http://yz.kaoyan365.cn/school/btbu/yuanxi/245/,计算机与信息工程College,081200,http://yz.kaoyan365.cn/school/btbu/zhuanye/187734.html,计算机科学与技术,264,37,37,56,56
2023,http://yz.kaoyan365.cn/school/henau/,河南Agriculture大学,http://yz.kaoyan365.cn/school/henau/yuanxi/6097/,信息与管理科学College,081200,http://yz.kaoyan365.cn/school/henau/zhuanye/186336.html,计算机科学与技术,264,37,37,56,56
2023,http://yz.kaoyan365.cn/school/henau/,河南Agriculture大学,http://yz.kaoyan365.cn/school/henau/yuanxi/6097/,信息与管理科学College,081200,http://yz.kaoyan365.cn/school/henau/zhuanye/186335.html,计算机科学与技术,264,37,37,56,56
2023,http://yz.kaoyan365.cn/school/henau/,河南Agriculture大学,http://yz.kaoyan365.cn/school/henau/yuanxi/6097/,信息与管理科学College,081200,http://yz.kaoyan365.cn/school/henau/zhuanye/186334.html,计算机科学与技术,264,37,37,56,56
2023,http://yz.kaoyan365.cn/school/zzti/,中原工College,http://yz.kaoyan365.cn/school/zzti/yuanxi/6108/,计算机College,081200,http://yz.kaoyan365.cn/school/zzti/zhuanye/186202.html,计算机科学与技术,264,37,37,56,56
2023,http://yz.kaoyan365.cn/school/zzti/,中原工College,http://yz.kaoyan365.cn/school/zzti/yuanxi/6108/,计算机College,081200,http://yz.kaoyan365.cn/school/zzti/zhuanye/186201.html,计算机科学与技术,264,37,37,56,56
2023,http://yz.kaoyan365.cn/school/zzti/,中原工College,http://yz.kaoyan365.cn/school/zzti/yuanxi/6108/,计算机College,081200,http://yz.kaoyan365.cn/school/zzti/zhuanye/186199.html,计算机科学与技术,264,37,37,56,56
2023,http://yz.kaoyan365.cn/school/zzti/,中原工College,http://yz.kaoyan365.cn/school/zzti/yuanxi/6108/,计算机College,081200,http://yz.kaoyan365.cn/school/zzti/zhuanye/186198.html,计算机科学与技术,264,37,37,56,56
2023,http://yz.kaoyan365.cn/school/zzti/,中原工College,http://yz.kaoyan365.cn/school/zzti/yuanxi/6108/,计算机College,081200,http://yz.kaoyan365.cn/school/zzti/zhuanye/186200.html,计算机科学与技术,264,37,37,56,56
2023,http://yz.kaoyan365.cn/school/hpu/,河南理工大学,http://yz.kaoyan365.cn/school/hpu/yuanxi/6237/,计算机科学与技术College,083500,http://yz.kaoyan365.cn/school/hpu/zhuanye/185491.html,Software Engineering,264,37,37,56,56
2023,http://yz.kaoyan365.cn/school/hpu/,河南理工大学,http://yz.kaoyan365.cn/school/hpu/yuanxi/6237/,计算机科学与技术College,081200,http://yz.kaoyan365.cn/school/hpu/zhuanye/185488.html,计算机科学与技术,264,37,37,56,56
2023,http://yz.kaoyan365.cn/school/hpu/,河南理工大学,http://yz.kaoyan365.cn/school/hpu/yuanxi/6237/,计算机科学与技术College,081200,http://yz.kaoyan365.cn/school/hpu/zhuanye/185490.html,计算机科学与技术,264,37,37,56,56
2023,http://yz.kaoyan365.cn/school/hpu/,河南理工大学,http://yz.kaoyan365.cn/school/hpu/yuanxi/6237/,计算机科学与技术College,081200,http://yz.kaoyan365.cn/school/hpu/zhuanye/185489.html,计算机科学与技术,264,37,37,56,56
2023,http://yz.kaoyan365.cn/school/hpu/,河南理工大学,http://yz.kaoyan365.cn/school/hpu/yuanxi/6237/,计算机科学与技术College,083500,http://yz.kaoyan365.cn/school/hpu/zhuanye/185492.html,Software Engineering,264,37,37,56,56
2023,http://yz.kaoyan365.cn/school/hpu/,河南理工大学,http://yz.kaoyan365.cn/school/hpu/yuanxi/6237/,计算机科学与技术College,083500,http://yz.kaoyan365.cn/school/hpu/zhuanye/185493.html,Software Engineering,264,37,37,56,56
2023,http://yz.kaoyan365.cn/school/njtu/,北京交通大学,http://yz.kaoyan365.cn/school/njtu/yuanxi/140/,软件College,081200,http://yz.kaoyan365.cn/school/njtu/zhuanye/185321.html,计算机科学与技术,264,45,45,65,56
2023,http://yz.kaoyan365.cn/school/njtu/,北京交通大学,http://yz.kaoyan365.cn/school/njtu/yuanxi/140/,软件College,081200,http://yz.kaoyan365.cn/school/njtu/zhuanye/185320.html,计算机科学与技术,264,45,45,65,56
2023,http://yz.kaoyan365.cn/school/njtu/,北京交通大学,http://yz.kaoyan365.cn/school/njtu/yuanxi/140/,软件College,081200,http://yz.kaoyan365.cn/school/njtu/zhuanye/185324.html,计算机科学与技术,264,45,45,65,56
2023,http://yz.kaoyan365.cn/school/njtu/,北京交通大学,http://yz.kaoyan365.cn/school/njtu/yuanxi/140/,软件College,081200,http://yz.kaoyan365.cn/school/njtu/zhuanye/185323.html,计算机科学与技术,264,45,45,65,56
2023,http://yz.kaoyan365.cn/school/njtu/,北京交通大学,http://yz.kaoyan365.cn/school/njtu/yuanxi/140/,软件College,081200,http://yz.kaoyan365.cn/school/njtu/zhuanye/185322.html,计算机科学与技术,264,45,45,65,56
2023,http://yz.kaoyan365.cn/school/sdufe/,山东财经大学,http://yz.kaoyan365.cn/school/sdufe/yuanxi/6634/,计算机科学与技术College,081203,http://yz.kaoyan365.cn/school/sdufe/zhuanye/184720.html,计算机应用技术,264,37,37,56,56
2023,http://yz.kaoyan365.cn/school/sdufe/,山东财经大学,http://yz.kaoyan365.cn/school/sdufe/yuanxi/6634/,计算机科学与技术College,0812Z1,http://yz.kaoyan365.cn/school/sdufe/zhuanye/184722.html,数字媒体技术,264,37,37,56,56
2023,http://yz.kaoyan365.cn/school/sdufe/,山东财经大学,http://yz.kaoyan365.cn/school/sdufe/yuanxi/6634/,计算机科学与技术College,0812J1,http://yz.kaoyan365.cn/school/sdufe/zhuanye/184721.html,Financial Studies信息工程,264,37,37,56,56
2023,http://yz.kaoyan365.cn/school/sdufe/,山东财经大学,http://yz.kaoyan365.cn/school/sdufe/yuanxi/6634/,计算机科学与技术College,081202,http://yz.kaoyan365.cn/school/sdufe/zhuanye/184719.html,计算机软件与理论,264,37,37,56,56
2023,http://yz.kaoyan365.cn/school/ldu/,鲁东大学,http://yz.kaoyan365.cn/school/ldu/yuanxi/6658/,信息与电气工程College,081200,http://yz.kaoyan365.cn/school/ldu/zhuanye/184639.html,计算机科学与技术,-,-,-,-,-
2023,http://yz.kaoyan365.cn/school/ldu/,鲁东大学,http://yz.kaoyan365.cn/school/ldu/yuanxi/6658/,信息与电气工程College,081200,http://yz.kaoyan365.cn/school/ldu/zhuanye/184637.html,计算机科学与技术,-,-,-,-,-
2023,http://yz.kaoyan365.cn/school/ldu/,鲁东大学,http://yz.kaoyan365.cn/school/ldu/yuanxi/6658/,信息与电气工程College,081200,http://yz.kaoyan365.cn/school/ldu/zhuanye/184638.html,计算机科学与技术,-,-,-,-,-
2023,http://yz.kaoyan365.cn/school/sdnu/,山东师范大学,http://yz.kaoyan365.cn/school/sdnu/yuanxi/6770/,信息科学与工程College,081200,http://yz.kaoyan365.cn/school/sdnu/zhuanye/184096.html,计算机科学与技术,264,37,37,56,56
2023,http://yz.kaoyan365.cn/school/sdnu/,山东师范大学,http://yz.kaoyan365.cn/school/sdnu/yuanxi/6770/,信息科学与工程College,081200,http://yz.kaoyan365.cn/school/sdnu/zhuanye/184095.html,计算机科学与技术,264,37,37,56,56
2023,http://yz.kaoyan365.cn/school/sdnu/,山东师范大学,http://yz.kaoyan365.cn/school/sdnu/yuanxi/6770/,信息科学与工程College,081200,http://yz.kaoyan365.cn/school/sdnu/zhuanye/184094.html,计算机科学与技术,264,37,37,56,56
2023,http://yz.kaoyan365.cn/school/sdnu/,山东师范大学,http://yz.kaoyan365.cn/school/sdnu/yuanxi/6770/,信息科学与工程College,081200,http://yz.kaoyan365.cn/school/sdnu/zhuanye/184093.html,计算机科学与技术,264,37,37,56,56
2023,http://yz.kaoyan365.cn/school/sdau/,山东Agriculture大学,http://yz.kaoyan365.cn/school/sdau/yuanxi/7058/,信息科学与工程College,081200,http://yz.kaoyan365.cn/school/sdau/zhuanye/183188.html,计算机科学与技术,287,37,37,56,56
2023,http://yz.kaoyan365.cn/school/sdau/,山东Agriculture大学,http://yz.kaoyan365.cn/school/sdau/yuanxi/7058/,信息科学与工程College,081200,http://yz.kaoyan365.cn/school/sdau/zhuanye/183189.html,计算机科学与技术,287,37,37,56,56
2023,http://yz.kaoyan365.cn/school/sdau/,山东Agriculture大学,http://yz.kaoyan365.cn/school/sdau/yuanxi/7058/,信息科学与工程College,081200,http://yz.kaoyan365.cn/school/sdau/zhuanye/183190.html,计算机科学与技术,287,37,37,56,56
2023,http://yz.kaoyan365.cn/school/sdut/,山东理工大学,http://yz.kaoyan365.cn/school/sdut/yuanxi/7078/,计算机科学与技术College,081200,http://yz.kaoyan365.cn/school/sdut/zhuanye/183022.html,计算机科学与技术,264,37,37,56,56
2023,http://yz.kaoyan365.cn/school/sdut/,山东理工大学,http://yz.kaoyan365.cn/school/sdut/yuanxi/7078/,计算机科学与技术College,081200,http://yz.kaoyan365.cn/school/sdut/zhuanye/183019.html,计算机科学与技术,264,37,37,56,56
2023,http://yz.kaoyan365.cn/school/sdut/,山东理工大学,http://yz.kaoyan365.cn/school/sdut/yuanxi/7078/,计算机科学与技术College,081200,http://yz.kaoyan365.cn/school/sdut/zhuanye/183021.html,计算机科学与技术,264,37,37,56,56
2023,http://yz.kaoyan365.cn/school/sdut/,山东理工大学,http://yz.kaoyan365.cn/school/sdut/yuanxi/7078/,计算机科学与技术College,081200,http://yz.kaoyan365.cn/school/sdut/zhuanye/183020.html,计算机科学与技术,264,37,37,56,56
2023,http://yz.kaoyan365.cn/school/tju/,天津大学,http://yz.kaoyan365.cn/school/tju/yuanxi/1605/,计算机科学与技术College,081203,http://yz.kaoyan365.cn/school/tju/zhuanye/182934.html,计算机应用技术,-,-,-,-,-
2023,http://yz.kaoyan365.cn/school/tju/,天津大学,http://yz.kaoyan365.cn/school/tju/yuanxi/1605/,计算机科学与技术College,081203,http://yz.kaoyan365.cn/school/tju/zhuanye/182937.html,计算机应用技术,-,-,-,-,-
2023,http://yz.kaoyan365.cn/school/tju/,天津大学,http://yz.kaoyan365.cn/school/tju/yuanxi/1605/,计算机科学与技术College,081203,http://yz.kaoyan365.cn/school/tju/zhuanye/182936.html,计算机应用技术,-,-,-,-,-
2023,http://yz.kaoyan365.cn/school/tju/,天津大学,http://yz.kaoyan365.cn/school/tju/yuanxi/1605/,计算机科学与技术College,081203,http://yz.kaoyan365.cn/school/tju/zhuanye/182932.html,计算机应用技术,-,-,-,-,-
2023,http://yz.kaoyan365.cn/school/tju/,天津大学,http://yz.kaoyan365.cn/school/tju/yuanxi/1605/,计算机科学与技术College,081203,http://yz.kaoyan365.cn/school/tju/zhuanye/182935.html,计算机应用技术,-,-,-,-,-
2023,http://yz.kaoyan365.cn/school/tju/,天津大学,http://yz.kaoyan365.cn/school/tju/yuanxi/1605/,计算机科学与技术College,081203,http://yz.kaoyan365.cn/school/tju/zhuanye/182933.html,计算机应用技术,-,-,-,-,-
2023,http://yz.kaoyan365.cn/school/sdjzu/,山东Architecture大学,http://yz.kaoyan365.cn/school/sdjzu/yuanxi/7111/,计算机科学与技术College,081203,http://yz.kaoyan365.cn/school/sdjzu/zhuanye/182865.html,计算机应用技术,264,37,37,56,56
2023,http://yz.kaoyan365.cn/school/xauat/,XianArchitecture科技大学,http://yz.kaoyan365.cn/school/xauat/yuanxi/3098/,信息与控制工程College,081200,http://yz.kaoyan365.cn/school/xauat/zhuanye/182760.html,计算机科学与技术,264,37,37,56,56
2023,http://yz.kaoyan365.cn/school/xauat/,XianArchitecture科技大学,http://yz.kaoyan365.cn/school/xauat/yuanxi/3098/,信息与控制工程College,081200,http://yz.kaoyan365.cn/school/xauat/zhuanye/182759.html,计算机科学与技术,264,37,37,56,56
2023,http://yz.kaoyan365.cn/school/xauat/,XianArchitecture科技大学,http://yz.kaoyan365.cn/school/xauat/yuanxi/3098/,信息与控制工程College,081200,http://yz.kaoyan365.cn/school/xauat/zhuanye/182758.html,计算机科学与技术,264,37,37,56,56
2023,http://yz.kaoyan365.cn/school/qust/,青岛科技大学,http://yz.kaoyan365.cn/school/qust/yuanxi/7165/,信息College,081200,http://yz.kaoyan365.cn/school/qust/zhuanye/182511.html,计算机科学与技术,264,37,37,56,56
2023,http://yz.kaoyan365.cn/school/tju/,天津大学,http://yz.kaoyan365.cn/school/tju/yuanxi/1605/,计算机科学与技术College,081200,http://yz.kaoyan365.cn/school/tju/zhuanye/182211.html,计算机科学与技术,-,-,-,-,-
2023,http://yz.kaoyan365.cn/school/tju/,天津大学,http://yz.kaoyan365.cn/school/tju/yuanxi/1605/,计算机科学与技术College,081200,http://yz.kaoyan365.cn/school/tju/zhuanye/182210.html,计算机科学与技术,-,-,-,-,-
2023,http://yz.kaoyan365.cn/school/tju/,天津大学,http://yz.kaoyan365.cn/school/tju/yuanxi/1605/,计算机科学与技术College,081200,http://yz.kaoyan365.cn/school/tju/zhuanye/182209.html,计算机科学与技术,-,-,-,-,-
2023,http://yz.kaoyan365.cn/school/tju/,天津大学,http://yz.kaoyan365.cn/school/tju/yuanxi/1605/,计算机科学与技术College,081200,http://yz.kaoyan365.cn/school/tju/zhuanye/182208.html,计算机科学与技术,-,-,-,-,-
2023,http://yz.kaoyan365.cn/school/xatu/,Xian工业大学,http://yz.kaoyan365.cn/school/xatu/yuanxi/3133/,计算机科学与工程College,081200,http://yz.kaoyan365.cn/school/xatu/zhuanye/182015.html,计算机科学与技术,-,-,-,-,-
2023,http://yz.kaoyan365.cn/school/xatu/,Xian工业大学,http://yz.kaoyan365.cn/school/xatu/yuanxi/3133/,计算机科学与工程College,081200,http://yz.kaoyan365.cn/school/xatu/zhuanye/182014.html,计算机科学与技术,-,-,-,-,-
2023,http://yz.kaoyan365.cn/school/xatu/,Xian工业大学,http://yz.kaoyan365.cn/school/xatu/yuanxi/3133/,计算机科学与工程College,081200,http://yz.kaoyan365.cn/school/xatu/zhuanye/182013.html,计算机科学与技术,-,-,-,-,-
2023,http://yz.kaoyan365.cn/school/cumtb/,中国矿业大学（北京）,http://yz.kaoyan365.cn/school/cumtb/yuanxi/788/,机电与信息工程College,081200,http://yz.kaoyan365.cn/school/cumtb/zhuanye/181814.html,计算机科学与技术,-,-,-,-,-
2023,http://yz.kaoyan365.cn/school/cumtb/,中国矿业大学（北京）,http://yz.kaoyan365.cn/school/cumtb/yuanxi/788/,机电与信息工程College,081200,http://yz.kaoyan365.cn/school/cumtb/zhuanye/181811.html,计算机科学与技术,-,-,-,-,-
2023,http://yz.kaoyan365.cn/school/cumtb/,中国矿业大学（北京）,http://yz.kaoyan365.cn/school/cumtb/yuanxi/788/,机电与信息工程College,081200,http://yz.kaoyan365.cn/school/cumtb/zhuanye/181813.html,计算机科学与技术,-,-,-,-,-
2023,http://yz.kaoyan365.cn/school/cumtb/,中国矿业大学（北京）,http://yz.kaoyan365.cn/school/cumtb/yuanxi/788/,机电与信息工程College,081200,http://yz.kaoyan365.cn/school/cumtb/zhuanye/181812.html,计算机科学与技术,-,-,-,-,-
2023,http://yz.kaoyan365.cn/school/cumtb/,中国矿业大学（北京）,http://yz.kaoyan365.cn/school/cumtb/yuanxi/788/,机电与信息工程College,081200,http://yz.kaoyan365.cn/school/cumtb/zhuanye/181810.html,计算机科学与技术,-,-,-,-,-
2023,http://yz.kaoyan365.cn/school/cumtb/,中国矿业大学（北京）,http://yz.kaoyan365.cn/school/cumtb/yuanxi/788/,机电与信息工程College,081200,http://yz.kaoyan365.cn/school/cumtb/zhuanye/181809.html,计算机科学与技术,-,-,-,-,-
2023,http://yz.kaoyan365.cn/school/jxufe/,江西财经大学,http://yz.kaoyan365.cn/school/jxufe/yuanxi/7659/,信息管理College,081200,http://yz.kaoyan365.cn/school/jxufe/zhuanye/180851.html,计算机科学与技术,264,37,37,56,56
2023,http://yz.kaoyan365.cn/school/jxufe/,江西财经大学,http://yz.kaoyan365.cn/school/jxufe/yuanxi/7659/,信息管理College,081200,http://yz.kaoyan365.cn/school/jxufe/zhuanye/180849.html,计算机科学与技术,264,37,37,56,56
2023,http://yz.kaoyan365.cn/school/jxufe/,江西财经大学,http://yz.kaoyan365.cn/school/jxufe/yuanxi/7659/,信息管理College,081200,http://yz.kaoyan365.cn/school/jxufe/zhuanye/180850.html,计算机科学与技术,264,37,37,56,56
2023,http://yz.kaoyan365.cn/school/jxnu/,江西师范大学,http://yz.kaoyan365.cn/school/jxnu/yuanxi/7721/,计算机信息工程College,081200,http://yz.kaoyan365.cn/school/jxnu/zhuanye/180579.html,计算机科学与技术,264,37,37,56,56
2023,http://yz.kaoyan365.cn/school/jxnu/,江西师范大学,http://yz.kaoyan365.cn/school/jxnu/yuanxi/7721/,计算机信息工程College,081200,http://yz.kaoyan365.cn/school/jxnu/zhuanye/180578.html,计算机科学与技术,264,37,37,56,56
2023,http://yz.kaoyan365.cn/school/jxnu/,江西师范大学,http://yz.kaoyan365.cn/school/jxnu/yuanxi/7721/,计算机信息工程College,081200,http://yz.kaoyan365.cn/school/jxnu/zhuanye/180577.html,计算机科学与技术,264,37,37,56,56
2023,http://yz.kaoyan365.cn/school/jxtcmi/,江西中医药大学,http://yz.kaoyan365.cn/school/jxtcmi/yuanxi/2039/,计算机College,081200,http://yz.kaoyan365.cn/school/jxtcmi/zhuanye/180236.html,计算机科学与技术,264,37,37,56,56
2023,http://yz.kaoyan365.cn/school/jxtcmi/,江西中医药大学,http://yz.kaoyan365.cn/school/jxtcmi/yuanxi/2039/,计算机College,081200,http://yz.kaoyan365.cn/school/jxtcmi/zhuanye/180238.html,计算机科学与技术,264,37,37,56,56
2023,http://yz.kaoyan365.cn/school/jxtcmi/,江西中医药大学,http://yz.kaoyan365.cn/school/jxtcmi/yuanxi/2039/,计算机College,081200,http://yz.kaoyan365.cn/school/jxtcmi/zhuanye/180237.html,计算机科学与技术,264,37,37,56,56
2023,http://yz.kaoyan365.cn/school/jxau/,江西Agriculture大学,http://yz.kaoyan365.cn/school/jxau/yuanxi/2053/,计算机与信息工程College,081200,http://yz.kaoyan365.cn/school/jxau/zhuanye/180087.html,计算机科学与技术,264,37,37,56,56
2023,http://yz.kaoyan365.cn/school/jxau/,江西Agriculture大学,http://yz.kaoyan365.cn/school/jxau/yuanxi/2053/,计算机与信息工程College,081200,http://yz.kaoyan365.cn/school/jxau/zhuanye/180088.html,计算机科学与技术,264,37,37,56,56
2023,http://yz.kaoyan365.cn/school/jxau/,江西Agriculture大学,http://yz.kaoyan365.cn/school/jxau/yuanxi/2053/,计算机与信息工程College,081200,http://yz.kaoyan365.cn/school/jxau/zhuanye/180086.html,计算机科学与技术,264,37,37,56,56
2023,http://yz.kaoyan365.cn/school/jxust/,江西理工大学,http://yz.kaoyan365.cn/school/jxust/yuanxi/2118/,理College,077500,http://yz.kaoyan365.cn/school/jxust/zhuanye/179863.html,计算机科学与技术,288,40,40,60,60
2023,http://yz.kaoyan365.cn/school/jxust/,江西理工大学,http://yz.kaoyan365.cn/school/jxust/yuanxi/2118/,理College,077500,http://yz.kaoyan365.cn/school/jxust/zhuanye/179865.html,计算机科学与技术,288,40,40,60,60
2023,http://yz.kaoyan365.cn/school/jxust/,江西理工大学,http://yz.kaoyan365.cn/school/jxust/yuanxi/2118/,理College,077500,http://yz.kaoyan365.cn/school/jxust/zhuanye/179861.html,计算机科学与技术,288,40,40,60,60
2023,http://yz.kaoyan365.cn/school/jxust/,江西理工大学,http://yz.kaoyan365.cn/school/jxust/yuanxi/2118/,理College,077500,http://yz.kaoyan365.cn/school/jxust/zhuanye/179867.html,计算机科学与技术,288,40,40,60,60
2023,http://yz.kaoyan365.cn/school/jxust/,江西理工大学,http://yz.kaoyan365.cn/school/jxust/yuanxi/2118/,理College,077500,http://yz.kaoyan365.cn/school/jxust/zhuanye/179862.html,计算机科学与技术,288,40,40,60,60
2023,http://yz.kaoyan365.cn/school/jxust/,江西理工大学,http://yz.kaoyan365.cn/school/jxust/yuanxi/2118/,理College,077500,http://yz.kaoyan365.cn/school/jxust/zhuanye/179868.html,计算机科学与技术,288,40,40,60,60
2023,http://yz.kaoyan365.cn/school/jxust/,江西理工大学,http://yz.kaoyan365.cn/school/jxust/yuanxi/2118/,理College,077500,http://yz.kaoyan365.cn/school/jxust/zhuanye/179866.html,计算机科学与技术,288,40,40,60,60
2023,http://yz.kaoyan365.cn/school/jxust/,江西理工大学,http://yz.kaoyan365.cn/school/jxust/yuanxi/2118/,理College,077500,http://yz.kaoyan365.cn/school/jxust/zhuanye/179864.html,计算机科学与技术,288,40,40,60,60
2023,http://yz.kaoyan365.cn/school/nchu/,南昌航空大学,http://yz.kaoyan365.cn/school/nchu/yuanxi/2140/,信息工程College,081200,http://yz.kaoyan365.cn/school/nchu/zhuanye/179606.html,计算机科学与技术,264,37,37,56,56
2023,http://yz.kaoyan365.cn/school/nchu/,南昌航空大学,http://yz.kaoyan365.cn/school/nchu/yuanxi/2140/,信息工程College,081200,http://yz.kaoyan365.cn/school/nchu/zhuanye/179607.html,计算机科学与技术,264,37,37,56,56
2023,http://yz.kaoyan365.cn/school/nchu/,南昌航空大学,http://yz.kaoyan365.cn/school/nchu/yuanxi/2140/,信息工程College,081200,http://yz.kaoyan365.cn/school/nchu/zhuanye/179604.html,计算机科学与技术,264,37,37,56,56
2023,http://yz.kaoyan365.cn/school/nchu/,南昌航空大学,http://yz.kaoyan365.cn/school/nchu/yuanxi/2140/,信息工程College,081200,http://yz.kaoyan365.cn/school/nchu/zhuanye/179605.html,计算机科学与技术,264,37,37,56,56
2023,http://yz.kaoyan365.cn/school/ecit/,东华理工大学,http://yz.kaoyan365.cn/school/ecit/yuanxi/2154/,信息工程College,077500,http://yz.kaoyan365.cn/school/ecit/zhuanye/179483.html,计算机科学与技术,288,40,40,60,60
2023,http://yz.kaoyan365.cn/school/ecit/,东华理工大学,http://yz.kaoyan365.cn/school/ecit/yuanxi/2154/,信息工程College,081200,http://yz.kaoyan365.cn/school/ecit/zhuanye/179489.html,计算机科学与技术,264,37,37,56,56
2023,http://yz.kaoyan365.cn/school/ecit/,东华理工大学,http://yz.kaoyan365.cn/school/ecit/yuanxi/2154/,信息工程College,081200,http://yz.kaoyan365.cn/school/ecit/zhuanye/179488.html,计算机科学与技术,264,37,37,56,56
2023,http://yz.kaoyan365.cn/school/ecit/,东华理工大学,http://yz.kaoyan365.cn/school/ecit/yuanxi/2154/,信息工程College,081200,http://yz.kaoyan365.cn/school/ecit/zhuanye/179487.html,计算机科学与技术,264,37,37,56,56
2023,http://yz.kaoyan365.cn/school/ecit/,东华理工大学,http://yz.kaoyan365.cn/school/ecit/yuanxi/2154/,信息工程College,077500,http://yz.kaoyan365.cn/school/ecit/zhuanye/179484.html,计算机科学与技术,288,40,40,60,60
2023,http://yz.kaoyan365.cn/school/ecit/,东华理工大学,http://yz.kaoyan365.cn/school/ecit/yuanxi/2154/,信息工程College,081200,http://yz.kaoyan365.cn/school/ecit/zhuanye/179486.html,计算机科学与技术,264,37,37,56,56
2023,http://yz.kaoyan365.cn/school/ecit/,东华理工大学,http://yz.kaoyan365.cn/school/ecit/yuanxi/2154/,信息工程College,077500,http://yz.kaoyan365.cn/school/ecit/zhuanye/179485.html,计算机科学与技术,288,40,40,60,60
2023,http://yz.kaoyan365.cn/school/ecjtu/,华东交通大学,http://yz.kaoyan365.cn/school/ecjtu/yuanxi/2165/,信息工程College,081200,http://yz.kaoyan365.cn/school/ecjtu/zhuanye/179344.html,计算机科学与技术,264,37,37,56,56
2023,http://yz.kaoyan365.cn/school/ecjtu/,华东交通大学,http://yz.kaoyan365.cn/school/ecjtu/yuanxi/2165/,信息工程College,081200,http://yz.kaoyan365.cn/school/ecjtu/zhuanye/179343.html,计算机科学与技术,264,37,37,56,56
2023,http://yz.kaoyan365.cn/school/ecjtu/,华东交通大学,http://yz.kaoyan365.cn/school/ecjtu/yuanxi/2165/,信息工程College,081200,http://yz.kaoyan365.cn/school/ecjtu/zhuanye/179345.html,计算机科学与技术,264,37,37,56,56
2023,http://yz.kaoyan365.cn/school/ecjtu/,华东交通大学,http://yz.kaoyan365.cn/school/ecjtu/yuanxi/2165/,信息工程College,081200,http://yz.kaoyan365.cn/school/ecjtu/zhuanye/179346.html,计算机科学与技术,264,37,37,56,56
2023,http://yz.kaoyan365.cn/school/fafu/,福建农林大学,http://yz.kaoyan365.cn/school/fafu/yuanxi/6895/,计算机与信息College,081200,http://yz.kaoyan365.cn/school/fafu/zhuanye/177703.html,计算机科学与技术,264,37,37,56,56
2023,http://yz.kaoyan365.cn/school/fafu/,福建农林大学,http://yz.kaoyan365.cn/school/fafu/yuanxi/6895/,计算机与信息College,081200,http://yz.kaoyan365.cn/school/fafu/zhuanye/177706.html,计算机科学与技术,264,37,37,56,56
2023,http://yz.kaoyan365.cn/school/fafu/,福建农林大学,http://yz.kaoyan365.cn/school/fafu/yuanxi/6895/,计算机与信息College,081200,http://yz.kaoyan365.cn/school/fafu/zhuanye/177704.html,计算机科学与技术,264,37,37,56,56
2023,http://yz.kaoyan365.cn/school/fafu/,福建农林大学,http://yz.kaoyan365.cn/school/fafu/yuanxi/6895/,计算机与信息College,081200,http://yz.kaoyan365.cn/school/fafu/zhuanye/177705.html,计算机科学与技术,264,37,37,56,56
2023,http://yz.kaoyan365.cn/school/hqu/,华侨大学,http://yz.kaoyan365.cn/school/hqu/yuanxi/6574/,计算机科学与技术College,083500,http://yz.kaoyan365.cn/school/hqu/zhuanye/176978.html,Software Engineering,264,37,37,56,56
2023,http://yz.kaoyan365.cn/school/hqu/,华侨大学,http://yz.kaoyan365.cn/school/hqu/yuanxi/6574/,计算机科学与技术College,083500,http://yz.kaoyan365.cn/school/hqu/zhuanye/176977.html,Software Engineering,264,37,37,56,56
